subject_id,sleep_date,lifelog_date,Q1,Q2,Q3,S1,S2,S3,Q1_class0_proba,Q1_class1_proba,Q2_class0_proba,Q2_class1_proba,Q3_class0_proba,Q3_class1_proba,S2_class0_proba,S2_class1_proba,S3_class0_proba,S3_class1_proba,S1_class0_proba,S1_class1_proba,S1_class2_proba,Q1_class0_proba_pv,Q1_class1_proba_pv,Q2_class0_proba_pv,Q2_class1_proba_pv,Q3_class0_proba_pv,Q3_class1_proba_pv,S1_class0_proba_pv,S1_class1_proba_pv,S1_class2_proba_pv,S2_class0_proba_pv,S2_class1_proba_pv,S3_class0_proba_pv,S3_class1_proba_pv,Q1_pred,Q2_pred,Q3_pred,S1_pred,S2_pred,S3_pred
id01,2024-07-31,2024-07-30,0,1,0,1,1,1,0.6947310954066567,0.3052689045933433,0.2764469652783065,0.7235530347216935,0.6185594638590735,0.3814405361409266,0.2811236465650326,0.7188763534349674,0.0408898392891812,0.9591101607108188,0.1740162831641991,0.7856346757016295,0.0403490411341714,0.695202985865991,0.304797012134009,0.26386147775047586,0.7361385212495242,0.6163670514731662,0.3836329455268339,0.1797564888477792,0.7824095481314666,0.03783395802075426,0.27208894090852936,0.7279110580914706,0.03714077469026308,0.9628592246397369,0,1,0,1,1,1
id01,2024-08-01,2024-07-31,0,0,0,0,1,1,0.9305315916876762,0.0694684083123238,0.5738321735144808,0.4261678264855192,0.6838757115692975,0.3161242884307025,0.2626969101381046,0.7373030898618954,0.0446064666634316,0.9553935333365684,0.5462252886056349,0.4314372853819382,0.0223374260124268,0.9336002565189087,0.06639974218109142,0.5607475391630328,0.43925246083696734,0.6974632004123678,0.30253680058763227,0.5507087397450714,0.4288405018437444,0.02045075260118412,0.25804450012429414,0.7419555008757059,0.04106598459708844,0.9589340150029115,0,0,0,0,1,1
id01,2024-08-02,2024-08-01,0,0,1,0,1,1,0.7212477674449063,0.2787522325550937,0.6282544726936783,0.3717455273063216,0.3800313091871172,0.6199686908128828,0.4449640385746861,0.5550359614253139,0.3266993458071303,0.6733006541928697,0.6433070156927891,0.3241275008589081,0.0325654834483026,0.7001124007004157,0.29988760229958433,0.6214100654243105,0.37858993157568943,0.36092593826840547,0.6390740617315945,0.6602033841235102,0.30933506577301734,0.03046155030347234,0.4552662747172175,0.5447337252827825,0.31078767422641723,0.6892123257735827,0,0,1,0,1,1
id01,2024-08-03,2024-08-02,1,0,0,1,1,1,0.4465268737040037,0.5534731262959963,0.5716721363361729,0.4283278636638271,0.6747956658724426,0.3252043341275574,0.2547759578655257,0.7452240421344742,0.2466330737518389,0.753366926248161,0.4364493233498023,0.4850274636799621,0.0785232129702355,0.4353987833336033,0.5646012166663967,0.5786735527025555,0.42132644529744434,0.6769025092851984,0.32309749271480165,0.4141730010148221,0.5135738973119659,0.07225310497321194,0.24663799707897313,0.7533620029210268,0.23142474387665501,0.7685752536233449,1,0,0,1,1,1
id01,2024-08-04,2024-08-03,1,1,1,1,1,1,0.3875788528978682,0.6124211471021318,0.1308875977534899,0.8691124022465101,0.1139784526990513,0.8860215473009486,0.3467714143356258,0.6532285856643741,0.0435135352082165,0.9564864647917836,0.0827018227438202,0.6299396625815271,0.2873585146746527,0.3680276646080814,0.6319723353919187,0.1267385449781409,0.8732614520218591,0.10872102442914616,0.8912789755708538,0.07659463356943817,0.6509722833233744,0.27243307620718743,0.3320554269020632,0.6679445730979368,0.04052047618739485,0.9594795243126052,1,1,1,1,1,1
id01,2024-08-06,2024-08-05,0,0,0,0,1,1,0.74512647831502,0.25487352168498,0.7759909736352514,0.2240090263647486,0.611917289324593,0.388082710675407,0.3421266379258364,0.6578733620741636,0.2920249741241486,0.7079750258758514,0.7078258966174753,0.2552834467154992,0.0368906566670255,0.741451400483518,0.258548597516482,0.7742031262717263,0.22579687372827376,0.6265674763921337,0.3734325226078663,0.7178293369557278,0.24717222704394928,0.034998438400322955,0.3360528081332528,0.6639471918667472,0.2950442347117337,0.7049557632882663,0,0,0,0,1,1
id01,2024-08-07,2024-08-06,0,0,0,0,0,1,0.6479877055131498,0.3520122944868502,0.7240951788147109,0.2759048211852891,0.6626709820444805,0.3373290179555195,0.5088668537098576,0.4911331462901424,0.1948032987938134,0.8051967012061866,0.8755942606403695,0.1055462952657637,0.0188594440938668,0.6327383419618348,0.36726165803816513,0.7428298809332398,0.2571701170667602,0.6544386498400325,0.3455613501599676,0.8798655295763326,0.10281417173918733,0.017320302114480123,0.532353328338872,0.46764666666112814,0.19096694091443206,0.8090330610855679,0,0,0,0,0,1
id01,2024-08-09,2024-08-08,0,0,0,0,1,1,0.5542517701415266,0.4457482298584734,0.6336648928933768,0.3663351071066232,0.6893310901927685,0.3106689098072314,0.2113471049382863,0.7886528950617137,0.3286047947715426,0.6713952052284574,0.6740325967586209,0.2519105555398294,0.0740568477015495,0.5463040711273739,0.4536959268726261,0.6431289036040392,0.35687109639596093,0.6835555161734916,0.31644448382650825,0.6842214830827589,0.24579403698584645,0.06998448043139455,0.21142414944445767,0.7885758505555424,0.33509891929438834,0.6649010807056116,0,0,0,0,1,1
id01,2024-08-10,2024-08-09,1,0,0,0,1,1,0.401939480596446,0.598060519403554,0.7622962095795548,0.2377037904204452,0.5669039944890539,0.4330960055109461,0.323149357660866,0.676850642339134,0.2280463513806409,0.7719536486193591,0.5226914161470815,0.4225238567291047,0.0547847271238137,0.3898433585368014,0.6101566414631986,0.7706131586215993,0.22938683837840068,0.5919076350401485,0.4080923639598515,0.5155398585323734,0.43337586605619427,0.05108427751143233,0.3178074548947794,0.6821925481052206,0.21592559224257682,0.7840744077574232,1,0,0,0,1,1
id01,2024-08-12,2024-08-11,0,1,1,1,1,1,0.6696024324958969,0.3303975675041031,0.2315142464392658,0.7684857535607341,0.0679428861762936,0.9320571138237064,0.1533311749157072,0.8466688250842928,0.0519898937166642,0.9480101062833356,0.0814043640823037,0.6601256981693427,0.2584699377483535,0.6853915092463072,0.3146084907536928,0.21564466179533923,0.7843553382046607,0.06243995605866424,0.9375600424413357,0.07831914097407333,0.6685021683524085,0.25317868897351814,0.1440710794241365,0.8559289225758635,0.04771130734499778,0.952288692655002,0,1,1,1,1,1
id01,2024-08-13,2024-08-12,0,0,0,0,1,1,0.8089026753362766,0.1910973246637234,0.6037641955512657,0.3962358044487343,0.5644245522198033,0.4355754477801967,0.3994005156568275,0.6005994843431725,0.247845126942956,0.752154873057044,0.802499832059195,0.1790846136775769,0.018415554263228,0.819879097802649,0.18012090019735105,0.6284903859961392,0.3715096140038609,0.5713110899978229,0.42868891300217704,0.8168323988532755,0.16635411060981922,0.016813478056905203,0.4090963140911447,0.5909036859088552,0.2317142372486604,0.7682857657513396,0,0,0,0,1,1
id01,2024-08-14,2024-08-13,0,0,1,1,1,1,0.5754764032457997,0.4245235967542003,0.6910085921767153,0.3089914078232846,0.4635904230088764,0.5364095769911236,0.2927917997844439,0.7072082002155561,0.2111804370436315,0.7888195629563685,0.4121115786030761,0.5463021079947146,0.0415863134022092,0.5546951369212199,0.44530486307878026,0.7082855929590438,0.29171440904095614,0.44732760770798874,0.5526723922920111,0.3923938737427685,0.5694351331952432,0.03817099976198829,0.30701071980599953,0.6929892801940005,0.21610408033926837,0.7838959196607316,0,0,1,1,1,1
id01,2024-08-15,2024-08-14,0,0,0,1,1,1,0.6786917479410564,0.3213082520589436,0.5851941149260187,0.4148058850739812,0.7933852303916973,0.2066147696083027,0.4269507264913139,0.5730492735086861,0.2538198341491188,0.7461801658508812,0.3486326910787061,0.619349168917144,0.03201814000415,0.6817218231469507,0.31827817685304927,0.5988378334334168,0.4011621665665831,0.8050333573525277,0.19496664264747243,0.3319881749708355,0.6388071620254296,0.029204662583735,0.4081576888421825,0.5918423111578175,0.2375820497342069,0.7624179492657931,0,0,0,1,1,1
id01,2024-08-17,2024-08-16,1,0,0,0,1,1,0.4832563666254679,0.5167436333745321,0.7855713165134879,0.2144286834865121,0.8695028737389308,0.1304971262610691,0.4306708124404632,0.5693291875595368,0.4124700194055294,0.5875299805944706,0.5970587841111635,0.3512939645120185,0.0516472513768179,0.4599270579629211,0.540072940037079,0.7927611998621391,0.2072387971378609,0.8780942963650377,0.1219057056349622,0.5845366997000472,0.36722668806081665,0.04823660863913611,0.4410528371964169,0.5589471628035831,0.4149450154649765,0.5850549825350235,1,0,0,0,1,1
id01,2024-09-02,2024-09-01,0,0,1,0,1,1,0.6642664871387491,0.3357335128612508,0.6673556997665087,0.3326443002334913,0.4692063292254516,0.5307936707745484,0.4329984625516646,0.5670015374483354,0.3999751412630576,0.6000248587369423,0.5859655763648861,0.3810262585007252,0.0330081651343886,0.6580834624248741,0.3419165375751257,0.6182413007898578,0.3817587002101422,0.4648374643029064,0.5351625336970937,0.5599839527283975,0.4088722526506527,0.031143793420949743,0.4326429402964981,0.5673570597035018,0.40785811713675185,0.5921418828632482,0,0,1,0,1,1
id01,2024-09-03,2024-09-02,1,1,1,1,1,1,0.3912515316416679,0.6087484683583321,0.1917434549849282,0.8082565450150717,0.2190954208264454,0.7809045791735546,0.3909210881851088,0.6090789118148912,0.3079027189618318,0.6920972810381681,0.1830119507141192,0.7345850064504416,0.0824030428354392,0.39674551547750114,0.6032544815224988,0.19852598448643538,0.8014740155135646,0.20220226524380086,0.7977977342561992,0.18810905364270727,0.7353530698053974,0.07653787505189528,0.3793341153665979,0.6206658846334021,0.29777965406564866,0.7022203429343514,1,1,1,1,1,1
id01,2024-09-04,2024-09-03,1,1,1,1,1,1,0.34839423220974,0.65160576779026,0.3881480403214061,0.6118519596785938,0.4494883274400995,0.5505116725599005,0.1841524290129472,0.8158475709870527,0.2822265475924356,0.7177734524075644,0.0926032349570569,0.8687789623925581,0.0386178026503849,0.32572722198876597,0.6742727810112341,0.3628830882892655,0.6371169137107345,0.4341112946960895,0.5658887053039106,0.08792127086135121,0.8762094601533024,0.03586927268534641,0.1792253541116525,0.8207746438883474,0.27749232483319203,0.722507677166808,1,1,1,1,1,1
id01,2024-09-05,2024-09-04,0,1,1,1,1,1,0.5405887527017198,0.4594112472982802,0.4521638296550121,0.5478361703449879,0.4031793964328368,0.5968206035671632,0.2176865318072828,0.7823134681927172,0.2658997061817525,0.7341002938182475,0.153901781544628,0.7951128933218832,0.0509853251334886,0.5515048174315479,0.4484951855684522,0.48835312168951095,0.5116468813104891,0.4213382867895531,0.5786617162104468,0.1510539103901652,0.8015481939896949,0.04739788662013974,0.21239443862655455,0.7876055613734455,0.24644951356357725,0.7535504844364228,0,1,1,1,1,1
id01,2024-09-07,2024-09-06,1,1,1,1,1,1,0.366358730766732,0.633641269233268,0.2445417506869657,0.7554582493130343,0.1358476904415642,0.8641523095584358,0.096141542589542,0.903858457410458,0.2186246693560839,0.7813753306439161,0.1043917432613708,0.8399500848430841,0.055658171895545,0.34363664369005875,0.6563633563099412,0.23494659561826914,0.7650534043817309,0.1285906753974078,0.8714093246025922,0.09721042993523372,0.8513974863587757,0.0513920930059905,0.08967004933058781,0.9103299516694122,0.2082534894204755,0.7917465105795245,1,1,1,1,1,1
id01,2024-09-08,2024-09-07,1,1,1,1,1,1,0.3589744390292182,0.6410255609707818,0.3566264267734369,0.6433735732265631,0.3032160612848358,0.6967839387151642,0.1287707914645651,0.8712292085354348,0.1798896306618471,0.8201103693381528,0.1968953918074209,0.6865414267164025,0.1165631814761765,0.3405461631262964,0.6594538348737036,0.38699965109609324,0.6130003489039068,0.29938469515635224,0.7006153048436478,0.1815540646266788,0.7107124140447623,0.10773351952855885,0.1283893253181086,0.8716106746818914,0.1748357335956624,0.8251642664043376,1,1,1,1,1,1
id01,2024-09-09,2024-09-08,1,1,1,1,1,1,0.1301595921386891,0.8698404078613109,0.2651499676194332,0.7348500323805668,0.4369016219828106,0.5630983780171894,0.0957432289640511,0.9042567710359488,0.3426396445535263,0.6573603554464736,0.0337826958069707,0.7382683464656871,0.2279489577273422,0.1203656989248202,0.8796343010751798,0.2594911248574899,0.7405088751425102,0.4284553697845295,0.5715446302154705,0.03185433842627363,0.7459709678191184,0.22217470195460798,0.092701980467646,0.9072980199323539,0.33353194009817366,0.6664680599018263,1,1,1,1,1,1
id01,2024-09-10,2024-09-09,0,1,1,1,1,1,0.6852605593339742,0.3147394406660258,0.1829624716966915,0.8170375283033084,0.3892669618597794,0.6107330381402206,0.2859765770739721,0.7140234229260278,0.1233738382770497,0.8766261617229503,0.3849125905447983,0.550376801799197,0.0647106076560046,0.6773562134005768,0.3226437865994232,0.18041193552702234,0.8195880654729777,0.36732664767380147,0.6326733543261985,0.3755687014903185,0.5641780276192774,0.06025326749040414,0.27711222336657493,0.7228877766334251,0.11916351204934474,0.8808364855506553,0,1,1,1,1,1
id01,2024-09-11,2024-09-10,1,1,1,1,1,1,0.2505031498733744,0.7494968501266256,0.3152537503377713,0.6847462496622286,0.3923319182697546,0.6076680817302453,0.1204895050501416,0.8795104949498583,0.2228750154154587,0.7771249845845413,0.060874959725295,0.8236022140230408,0.115522826251664,0.232272482486037,0.7677275151139631,0.3116418623039942,0.6883581376960058,0.37707873644277917,0.6229212635572209,0.056970609252765494,0.8358686226207368,0.1071607693264976,0.11269496724512744,0.8873050354548726,0.21895095387391283,0.7810490461260872,1,1,1,1,1,1
id01,2024-09-12,2024-09-11,0,1,1,1,1,1,0.8405291937531568,0.1594708062468431,0.1842353001211142,0.8157646998788858,0.3247487012989422,0.6752512987010578,0.2415714390348884,0.7584285609651116,0.2092105390444225,0.7907894609555775,0.2868422685685652,0.6655897228641043,0.0475680085673303,0.8522312843778411,0.1477687133221588,0.17993559710900278,0.8200643998909972,0.307957959169048,0.692042038830952,0.2868799647117087,0.669606720577694,0.04351331937059727,0.23611969913139957,0.7638803008686005,0.20149089513998025,0.7985091048600197,0,1,1,1,1,1
id01,2024-09-13,2024-09-12,0,1,1,1,1,1,0.6912863670412561,0.3087136329587438,0.2292443981472817,0.7707556018527183,0.246422339488375,0.753577660511625,0.3880439197465939,0.6119560802534061,0.2111170920429554,0.7888829079570445,0.3958329329121977,0.5530451537385197,0.0511219133492825,0.6992404403371305,0.30075955966286944,0.23086580633255355,0.7691341916674465,0.23051712753953751,0.7694828744604625,0.4041698296209779,0.5489473583646678,0.04688280611435425,0.3939244027719345,0.6060755972280655,0.19762779783865986,0.8023722021613401,0,1,1,1,1,1
id01,2024-09-14,2024-09-13,1,1,1,1,1,1,0.2470752143670938,0.7529247856329062,0.316947892525062,0.6830521074749379,0.3854090847305176,0.6145909152694824,0.145283624612144,0.8547163753878559,0.1860288004548329,0.8139711995451671,0.0649729903866549,0.7578980415301967,0.1771289680831483,0.23503774493038443,0.7649622570696156,0.3091973082725558,0.6908026917274442,0.36766339025746586,0.6323366097425343,0.06353768534798941,0.7636660373771771,0.17279627427483346,0.13911558815092961,0.8608844118490704,0.17974387590934962,0.8202561245906503,1,1,1,1,1,1
id01,2024-09-15,2024-09-14,1,1,1,1,1,1,0.1868779342282651,0.8131220657717348,0.2886050525655531,0.7113949474344469,0.4846296208970944,0.5153703791029056,0.1608637744649743,0.8391362255350256,0.280897713494417,0.7191022865055829,0.0544895259349406,0.6323573733350902,0.313153100729969,0.1750448598054386,0.8249551391945614,0.28641514730899775,0.7135848526910021,0.491432311807385,0.5085676881926151,0.051904082541446545,0.6502042760015813,0.29789164165697213,0.15593218001847686,0.844067822981523,0.2762657251449753,0.7237342748550246,1,1,1,1,1,1
id02,2024-08-26,2024-08-25,0,1,1,2,1,1,0.6673105053116734,0.3326894946883266,0.1693050517434976,0.8306949482565024,0.0547187956005524,0.9452812043994476,0.1310122167056466,0.8689877832943533,0.243282295982763,0.7567177040172369,0.0566359087894363,0.3189486303993527,0.6244154608112108,0.683884479780506,0.31611552121949393,0.15813013796914785,0.8418698634308521,0.04989523574049716,0.9501047639595028,0.05180321411049267,0.3011844873594174,0.6470122947300897,0.12174679233508195,0.8782532049649181,0.2281613093844867,0.7718386936155133,0,1,1,2,1,1
id02,2024-08-27,2024-08-26,1,1,1,1,1,1,0.1669505110085477,0.8330494889914523,0.4088125959094673,0.5911874040905327,0.3194294383678853,0.6805705616321147,0.0345472243633782,0.9654527756366218,0.0461711136249995,0.9538288863750004,0.0734831512521783,0.5555581948239007,0.3709586539239209,0.16556796490769293,0.8344320350923071,0.39600590631852056,0.6039940936814794,0.3022289465310968,0.6977710554689033,0.07003414662696048,0.5693777653415106,0.36058808653152885,0.031439788387040375,0.9685602120729596,0.04221274683249956,0.9577872527375004,1,1,1,1,1,1
id02,2024-08-28,2024-08-27,1,1,0,1,1,1,0.3135704616478526,0.6864295383521474,0.2724131659954397,0.7275868340045603,0.5342947625281147,0.4657052374718852,0.026819933019169,0.9731800669808308,0.0433255744246345,0.9566744255753654,0.0471590502825801,0.5160708657050811,0.4367700840123387,0.3068759344830674,0.6931240645169328,0.25433788139589575,0.7456621206041043,0.5217230242753033,0.4782769737246967,0.04315389325432209,0.498235315134573,0.45861079561110485,0.0243260579372521,0.9756739402827477,0.039464298982171055,0.9605357030178289,1,1,0,1,1,1
id02,2024-08-29,2024-08-28,1,1,1,1,1,1,0.2783634206612531,0.7216365793387469,0.2152834655328752,0.7847165344671247,0.3640821964820125,0.6359178035179874,0.0465352876865403,0.9534647123134596,0.0699044934902295,0.9300955065097704,0.1625172348723099,0.5311036241932156,0.3063791409344744,0.2633620805951278,0.7366379214048723,0.2044651499795877,0.7955348510204123,0.34346638283381126,0.6565336171661887,0.15523080988507892,0.546842157773894,0.297927030841027,0.042689032317886275,0.9573109680821137,0.06382598324120654,0.9361740158587933,1,1,1,1,1,1
id02,2024-08-30,2024-08-29,1,1,1,1,1,1,0.2301020722766497,0.7698979277233503,0.3048826226191953,0.6951173773808047,0.3191101533204227,0.6808898466795773,0.0701346221245355,0.9298653778754644,0.0676196263669601,0.9323803736330398,0.1457828399656343,0.490925628461878,0.3632915315724876,0.21519115304898473,0.7848088449510153,0.30480591335727575,0.6951940866427242,0.3146114209883804,0.6853885790116195,0.14069480596907089,0.4726290126156902,0.3866761784152388,0.06405428851208195,0.935945710087918,0.06158534703026409,0.9384146532697359,1,1,1,1,1,1
id02,2024-08-31,2024-08-30,1,1,0,1,1,1,0.3842924230613055,0.6157075769386945,0.224246407532721,0.7757535924672789,0.5590627649397637,0.4409372350602363,0.0342481390377785,0.9657518609622214,0.0293401507882986,0.9706598492117012,0.1438729441011849,0.673802300711657,0.182324755187158,0.391924916755175,0.6080750832448251,0.2244419677794489,0.7755580332205511,0.5669709734457873,0.43302902955421263,0.1335925318910664,0.6927545306404914,0.1736529366684422,0.03166525863400065,0.9683347418659993,0.02670385494946874,0.9732961442905311,1,1,0,1,1,1
id02,2024-09-01,2024-08-31,0,1,1,2,1,1,0.7781285924339938,0.2218714075660062,0.157435078751759,0.842564921248241,0.0991217612860572,0.9008782387139428,0.1846709910678629,0.8153290089321371,0.2938576703484261,0.7061423296515739,0.0430954621448608,0.3213671607387098,0.6355373771164294,0.7918146331905945,0.2081853644094056,0.1508244688765831,0.8491755291234169,0.09079584355745147,0.9092041548425486,0.03959469483037472,0.29746350266483884,0.6629418054047864,0.1740295409610766,0.8259704580389233,0.2773933673135835,0.7226066326864166,0,1,1,2,1,1
id02,2024-09-02,2024-09-01,0,1,1,2,1,1,0.788745234340591,0.2112547656594091,0.4927340707265633,0.5072659292734367,0.0903535273516994,0.9096464726483006,0.0655237400669704,0.9344762599330296,0.0775052100622925,0.9224947899377076,0.0579215989155513,0.2846203638998857,0.657458037184563,0.8024246609065319,0.1975753426934682,0.513946993653907,0.48605300234609305,0.08281460881652945,0.9171853913834705,0.056647667823996176,0.27278190950989717,0.6705704234661067,0.06025980386027336,0.9397401939397267,0.07099702865606325,0.9290029709439368,0,0,1,2,1,1
id02,2024-09-03,2024-09-02,1,1,1,1,1,1,0.2986867831155497,0.7013132168844503,0.4899001428988933,0.5100998571011067,0.3890047862616538,0.6109952137383462,0.0245283435769113,0.9754716564230886,0.0414343053698625,0.9585656946301374,0.1189759528215578,0.6267418616289192,0.254282185549523,0.30943403280399473,0.6905659651960052,0.48295683660900396,0.517043161390996,0.37254963463548846,0.6274503623645117,0.11218438013940202,0.6211903954660273,0.2666252219945707,0.02237377085922017,0.9776262307807798,0.03789174329287625,0.9621082551671237,1,1,1,1,1,1
id02,2024-09-04,2024-09-03,0,0,0,1,1,1,0.5959694067246588,0.4040305932753412,0.5625977530261689,0.4374022469738311,0.515775849494301,0.4842241505056989,0.0341298090684235,0.9658701909315764,0.1947435417931206,0.8052564582068794,0.0815586054703539,0.7448578356014464,0.1735835589281998,0.6050286010521929,0.3949713989478071,0.5869410077235521,0.41305899627644804,0.5400080145448709,0.45999198145512904,0.07583396602331852,0.7614159950413018,0.16275003803537982,0.03120813136158115,0.9687918688384188,0.17990465861380853,0.8200953423861915,0,0,0,1,1,1
id02,2024-09-05,2024-09-04,1,0,1,1,1,1,0.4304619137160776,0.5695380862839223,0.729831244027358,0.270168755972642,0.4397965630538458,0.5602034369461542,0.0313284055469544,0.9686715944530456,0.0812039950224745,0.9187960049775254,0.0765566593086986,0.628634427027249,0.2948089136640522,0.4183794053444699,0.5816205946555302,0.7485463796246222,0.2514536197753778,0.4582408627484612,0.5417591332515388,0.07123334957782873,0.6253927743245241,0.303373878297647,0.028468476782258962,0.9715315250077411,0.07582624362022704,0.9241737544797729,1,0,1,1,1,1
id02,2024-09-06,2024-09-05,1,1,1,1,1,1,0.128153495429437,0.871846504570563,0.3112309091065651,0.6887690908934349,0.1735052347628263,0.8264947652371737,0.0325216253954272,0.9674783746045728,0.1672344860835927,0.8327655139164073,0.0585251904981592,0.6134630028764609,0.3280118066253797,0.1209607533864933,0.8790392441135068,0.2940664091959086,0.7059335918040913,0.16236086628654367,0.8376391337134563,0.055400852748343284,0.6147098325888148,0.32988931796284177,0.029632645875884486,0.9703673541441156,0.15365523017523344,0.8463447725247666,1,1,1,1,1,1
id02,2024-09-07,2024-09-06,1,0,1,1,1,1,0.4284446802450007,0.5715553197549993,0.6361231174749346,0.3638768825250654,0.3674807473349517,0.6325192526650483,0.0384792875565936,0.9615207124434064,0.2968303205117155,0.7031696794882845,0.0403636161021494,0.6604590932131981,0.2991772906846524,0.4194130872205007,0.5805869127794994,0.650483020727441,0.34951697727255887,0.3657888996014565,0.6342110973985434,0.03731918809193446,0.6507866788918782,0.3118941296161871,0.034857796850934236,0.9651422011990658,0.2829040024605439,0.717095997539456,1,0,1,1,1,1
id02,2024-09-08,2024-09-07,1,0,1,2,1,1,0.1829725248326185,0.8170274751673815,0.559222549598671,0.440777450401329,0.0529586863622224,0.9470413136377775,0.0498711265836381,0.950128873416362,0.0622902527068945,0.9377097472931054,0.0203182995570173,0.1171638001034943,0.8625179003394884,0.17330294934935667,0.8266970506506434,0.5382356496388039,0.4617643503611961,0.04835095334600017,0.9516490462739998,0.01858876710131557,0.10803532509314487,0.8733759053055397,0.04539857486527429,0.9546014260747259,0.05729470983620505,0.9427052925637949,1,0,1,2,1,1
id02,2024-09-09,2024-09-08,0,1,1,1,1,1,0.8476639095342857,0.1523360904657143,0.4280721541191155,0.5719278458808845,0.0926183168504857,0.9073816831495144,0.0610942840567406,0.9389057159432592,0.0529596763660925,0.9470403236339074,0.2481432298510217,0.4331100877403261,0.3187466824086519,0.8605490285808572,0.1394509704191429,0.403691481707204,0.5963085182927961,0.08418839316543714,0.915811604834563,0.23514821186591953,0.44936767896629354,0.3154841061677867,0.05601558085106654,0.9439844193489333,0.04868246532948325,0.9513175342705167,0,1,1,1,1,1
id02,2024-09-10,2024-09-09,0,0,1,1,1,1,0.5964009531503203,0.4035990468496797,0.6316780489081505,0.3683219510918495,0.2479323283448053,0.7520676716551946,0.0640607899807425,0.9359392100192576,0.0456358211674678,0.954364178832532,0.0935043792360597,0.7918836988810728,0.1146119218828674,0.6062191378352882,0.39378085716471173,0.6518856740173354,0.34811432398266456,0.24241716251032477,0.7575828344896751,0.08777241931245372,0.8052657049929655,0.10696187039458066,0.058421971782668246,0.9415780290173319,0.04309763465072102,0.9569023649492788,0,0,1,1,1,1
id02,2024-09-29,2024-09-28,1,1,1,2,1,1,0.3266923479835871,0.6733076520164128,0.4666230709756733,0.5333769290243267,0.0503103215677115,0.9496896784322884,0.0342273072482135,0.9657726927517865,0.0483931531872631,0.9516068468127368,0.0163314891281242,0.2224146330414887,0.761253877830387,0.3154741151852284,0.6845258868147716,0.450102868878106,0.549897131121894,0.04626556751094035,0.9537344305890595,0.01489477641531178,0.21412453073733984,0.7709806900473484,0.031169404623392148,0.9688305934766078,0.044507869768536795,0.9554921321314631,1,1,1,2,1,1
id02,2024-09-30,2024-09-29,0,1,1,2,1,1,0.8750004737725946,0.1249995262274053,0.3601283607147325,0.6398716392852675,0.0578145504757265,0.9421854495242734,0.0518533564219578,0.948146643578042,0.0697074260508758,0.930292573949124,0.1913513733831883,0.387440914608224,0.4212077120085877,0.8844493003953351,0.11555070030466477,0.34845769764325923,0.6515423023567407,0.05269831306815385,0.947301684571846,0.18108168864486948,0.3932620831474016,0.4256562288077289,0.04764812377976202,0.9523518762202379,0.06345122988578823,0.9365487705542116,0,1,1,2,1,1
id02,2024-10-01,2024-09-30,0,0,1,1,1,1,0.8048089905730139,0.195191009426986,0.6541455139136494,0.3458544860863505,0.3246590516167781,0.6753409483832219,0.0302464204088971,0.9697535795911028,0.0805247344052365,0.9194752655947634,0.2608062145029547,0.6101714797088854,0.1290223057881598,0.8191156775157126,0.1808843197842874,0.6640418185222845,0.33595817947771545,0.3405773364551003,0.6594226635448998,0.24399913105265925,0.6312767057379969,0.12472417220934381,0.02747286889800739,0.9725271316319924,0.07463231536471285,0.9253676850352871,0,0,1,1,1,1
id02,2024-10-03,2024-10-02,0,0,1,1,1,1,0.5246100526632979,0.4753899473367021,0.5849147277828395,0.4150852722171605,0.4772435380130596,0.5227564619869404,0.1419585482948772,0.8580414517051228,0.2176601772172608,0.7823398227827392,0.1813104017563022,0.5370622679148838,0.2816273303288142,0.5420316433969681,0.4579683526030319,0.5850234180045556,0.4149765849954445,0.4792982362117536,0.5207017657882463,0.16658689258067197,0.5598517061233954,0.2735614032959328,0.1342372539653895,0.8657627465346105,0.21236513449553474,0.7876348655044653,0,0,1,1,1,1
id02,2024-10-04,2024-10-03,1,1,1,1,1,1,0.1295591735123943,0.8704408264876057,0.25732764322151,0.74267235677849,0.4519057396794438,0.5480942603205562,0.2582718658957993,0.7417281341042007,0.2318086960010293,0.7681913039989706,0.2227600781291563,0.6645676514486477,0.1126722704221959,0.11997352316115487,0.8800264738388451,0.269144528899359,0.730855471100641,0.4392524177114995,0.5607475842885006,0.21117384671624065,0.682233436303783,0.1065927179799763,0.2577420823062194,0.7422579176937807,0.23739500040092637,0.7626049995990736,1,1,1,1,1,1
id02,2024-10-05,2024-10-04,0,1,1,0,1,1,0.7589241441910923,0.2410758558089076,0.3219930358841814,0.6780069641158186,0.2028373394009559,0.7971626605990441,0.3796123725923401,0.6203876274076598,0.318841464909924,0.681158535090076,0.5967543005814214,0.3366216265164918,0.0666240729020867,0.7626491797719831,0.23735082022801685,0.30879318929576327,0.6912068077042368,0.18978806546086033,0.8102119345391398,0.5855700505232793,0.35148983086484265,0.06294011701187803,0.3584633163331061,0.641536684666894,0.3099899184189316,0.6900100815810684,0,1,1,0,1,1
id02,2024-10-06,2024-10-05,1,1,1,1,1,0,0.187928528805916,0.812071471194084,0.294947073604438,0.7050529263955619,0.3383134490727135,0.6616865509272865,0.1906136536399763,0.8093863463600237,0.5016432520060738,0.4983567479939262,0.2091570328950865,0.4940630608987651,0.2967799062061484,0.17855058092532441,0.8214494190746756,0.2890071802439942,0.7109928197560058,0.32435957416544214,0.6756404258345579,0.20283481360557784,0.48272079680888863,0.3144443885855336,0.17711770507597865,0.8228822947240213,0.5114474368054664,0.4885525691945336,1,1,1,1,1,0
id02,2024-10-07,2024-10-06,0,1,1,0,1,1,0.6104279832349723,0.3895720167650277,0.1822150658925774,0.8177849341074226,0.3228392597126066,0.6771607402873934,0.368906624998178,0.6310933750018219,0.3902705956541482,0.6097294043458518,0.5300457259106698,0.4391974714952359,0.0307568025940942,0.6159457749114751,0.38405422508852494,0.1823343193033197,0.8176656806966803,0.3036895747413459,0.696310426258654,0.5182107333196029,0.4529396443457123,0.028849628834684782,0.35008916949836016,0.6499108275016398,0.38049976608873337,0.6195002339112666,0,1,1,0,1,1
id02,2024-10-08,2024-10-07,1,0,0,1,1,1,0.3628449205164794,0.6371550794835206,0.7148618077678225,0.2851381922321775,0.5153595953441931,0.4846404046558069,0.0724153302267025,0.9275846697732976,0.2836587319263783,0.7163412680736216,0.1264628503555684,0.5778346589305161,0.2957024907139154,0.36870868446483146,0.6312913155351686,0.7334465169910402,0.2665534820089598,0.5322097258097738,0.4677902771902262,0.11944956302001156,0.5752995790374645,0.30525085964252385,0.06638926110403226,0.9336107387959679,0.27606120873374046,0.7239387912662595,1,0,0,1,1,1
id02,2024-10-09,2024-10-08,1,0,0,1,1,1,0.1751044337678466,0.8248955662321533,0.5228340597634064,0.4771659402365936,0.6020909147294635,0.3979090852705364,0.1215885604501011,0.8784114395498989,0.3221615284821836,0.6778384715178164,0.0531837016851055,0.7165659622626677,0.2302503360522267,0.16582957039106194,0.8341704296089381,0.5317643037870657,0.46823569821293426,0.6199601882565172,0.3800398087434828,0.04990665741659495,0.7271816760364009,0.22291166644700403,0.11597593940509099,0.884024060594909,0.31978968963396526,0.6802103103660347,1,0,0,1,1,1
id02,2024-10-10,2024-10-09,1,1,1,2,1,1,0.1227150957337882,0.8772849042662118,0.2456396900739961,0.7543603099260039,0.489020176383126,0.510979823616874,0.1146048188147247,0.8853951811852753,0.3009323377538506,0.6990676622461494,0.0620029386415409,0.3811107102769817,0.5568863510814774,0.11634250286040938,0.8836574968395906,0.25043497806659654,0.7495650189334035,0.4829159627448134,0.5170840372551866,0.05798859757738681,0.3868846732492835,0.5551267289733297,0.10832561973325223,0.8916743830667477,0.29646272397846557,0.7035372760215345,1,1,1,2,1,1
id02,2024-10-12,2024-10-11,1,1,1,2,1,1,0.1393427756332078,0.8606572243667922,0.366264145312472,0.633735854687528,0.2486620476806782,0.7513379523193218,0.076136848572807,0.923863151427193,0.349292204571524,0.650707795428476,0.1342590368173944,0.220072643902711,0.6456683192798945,0.13410325406988702,0.865896745930113,0.3591329457812248,0.6408670542187752,0.2373224259126104,0.7626775770873896,0.12844629513565498,0.2374374745124399,0.6341162303519051,0.0711266350155263,0.9288733662844737,0.34241269111437156,0.6575873058856284,1,1,1,2,1,1
id02,2024-10-13,2024-10-12,1,0,1,2,1,1,0.2145490299203111,0.7854509700796889,0.5607189070553791,0.4392810929446209,0.4013745863609362,0.5986254136390637,0.2105641013463561,0.7894358986536438,0.2406751991030975,0.7593248008969025,0.2129538164578892,0.3387535047156156,0.448292678826495,0.21533323992828002,0.78466676307172,0.5795386563498413,0.42046134365015886,0.38555214472484256,0.6144478522751574,0.21172839281210026,0.32565970224405405,0.46261190694384546,0.20576526321172048,0.7942347387882795,0.23067551919278775,0.7693244808072123,1,0,1,2,1,1
id02,2024-10-14,2024-10-13,0,1,1,1,1,1,0.5965225247039712,0.4034774752960289,0.4814039851589398,0.5185960148410602,0.4707454143380194,0.5292545856619806,0.144433852781724,0.855566147218276,0.3313692503840701,0.6686307496159298,0.3094447844618103,0.3455521230027223,0.3450030925354673,0.6009461822335741,0.399053813766426,0.4698250566430458,0.5301749433569543,0.4631187409042175,0.5368812570957825,0.29705007601562927,0.3495210287024501,0.35342889328192056,0.1344962091035516,0.8655037924964484,0.3133754813456631,0.6866245186543369,0,1,1,2,1,1
id02,2024-10-15,2024-10-14,0,0,0,1,1,1,0.8009212699062709,0.1990787300937291,0.7397244414481736,0.2602755585518264,0.6964388737037776,0.3035611262962224,0.2316803288431637,0.7683196711568363,0.2623858903078073,0.7376141096921927,0.2699992184986275,0.6715592153061368,0.0584415661952357,0.8132888929156439,0.18671110508435618,0.7476228773033563,0.2523771276966438,0.7144842163333998,0.2855157776666002,0.2584595906487648,0.6863792607755231,0.05516115027571213,0.2152266819588473,0.7847733180411527,0.25359334227702657,0.7464066587229734,0,0,0,1,1,1
id02,2024-10-16,2024-10-15,0,0,0,1,1,1,0.7330768738996869,0.2669231261003131,0.5063640178128701,0.4936359821871299,0.5488312343484001,0.4511687656515998,0.2063713486431009,0.7936286513568991,0.2594259363920939,0.7405740636079061,0.2736449429109522,0.6304021228037092,0.0959529342853385,0.7223974665097183,0.2776025294902818,0.5081549460315832,0.4918450589684169,0.5578475809135601,0.4421524170864399,0.268785608619857,0.6408943105233382,0.09032008615680466,0.19413949377879078,0.8058605062212092,0.23960251055288448,0.7603974872471155,0,0,0,1,1,1
id03,2024-08-17,2024-08-16,1,1,1,2,1,1,0.1985846224197506,0.8014153775802494,0.1020522044577981,0.8979477955422018,0.2026559500594962,0.7973440499405038,0.2461815486498398,0.7538184513501601,0.3589253812298869,0.6410746187701131,0.1636489357058454,0.3984006455923409,0.4379504187018138,0.18422912917777556,0.8157708698222245,0.0931919747120183,0.9068080259879816,0.19121105005354655,0.8087889499464535,0.15434202253526086,0.42184359503310687,0.42381437983163245,0.2399336107848558,0.7600663862151441,0.3790216331068982,0.6209783708931017,1,1,1,2,1,1
id03,2024-08-18,2024-08-17,1,1,1,2,1,0,0.0427792239726352,0.9572207760273648,0.2008963040686765,0.7991036959313235,0.0918272061299982,0.9081727938700016,0.3599970014281037,0.6400029985718962,0.7337362788173611,0.2662637211826389,0.0753917956897471,0.4008257165133872,0.5237824877968656,0.03917751627537168,0.9608224834246284,0.18365719426180885,0.8163428063381911,0.08525049001699837,0.9147495104830015,0.0722686631207724,0.3952622048620485,0.5324691290171791,0.34626879728529336,0.6537312027147066,0.747437000935625,0.25256299806437504,1,1,1,2,1,0
id03,2024-08-19,2024-08-18,1,1,1,1,0,0,0.0960148886793926,0.9039851113206072,0.2041738318404884,0.7958261681595116,0.0805262348936426,0.9194737651063574,0.6192555183267705,0.3807444816732295,0.8031966121028061,0.1968033878971938,0.1161694798380741,0.8254987481538435,0.0583317720080822,0.09020326581145335,0.9097967341885466,0.18901690425643955,0.8109830953435604,0.07498495770427835,0.9250150425957218,0.1106725768542667,0.8351831733384592,0.05414425450727398,0.6151351364940935,0.3848648615059066,0.8150149258925256,0.18498507210747442,1,1,1,1,0,0
id03,2024-08-20,2024-08-19,1,1,1,1,0,0,0.4794651212770472,0.5205348787229528,0.2498438693136963,0.7501561306863037,0.3066182868739823,0.6933817131260177,0.5589032664143869,0.4410967335856131,0.7217653726350326,0.2782346273649674,0.2574635102482974,0.6929006705840195,0.0496358191676832,0.4925806691493425,0.5074193308506576,0.23040745288232667,0.7695925476176734,0.3090364881865841,0.6909635118134159,0.25097503722346765,0.7026079035256176,0.046417056250914884,0.5657241847729483,0.4342758152270518,0.7361406503715293,0.26385935062847066,1,1,1,1,0,0
id03,2024-08-21,2024-08-20,1,1,1,1,0,0,0.3638776726082843,0.6361223273917157,0.1046338496353076,0.8953661503646924,0.1688650443754156,0.8311349556245844,0.5745091996626438,0.4254908003373562,0.6887898104073924,0.3112101895926075,0.2517242317267265,0.6900807015863957,0.0581950666868778,0.35032569034745586,0.6496743096525441,0.09593862457177683,0.9040613753282232,0.16387786193787404,0.836122140062126,0.23690619255405382,0.7086121014277562,0.05448170691819002,0.5874835496963794,0.41251644530362064,0.7021616393666532,0.29783835963334676,1,1,1,1,0,0
id03,2024-08-23,2024-08-22,1,1,1,1,1,0,0.1175775862407763,0.8824224137592237,0.1159408311687273,0.8840591688312727,0.2183812144010275,0.7816187855989725,0.2128429702660835,0.7871570297339164,0.5989599074297862,0.4010400925702138,0.163469398830312,0.6346579845543694,0.2018726166153185,0.11041981611669867,0.8895801823833013,0.10677326505185458,0.8932267349481454,0.20933690796092475,0.7906630920390753,0.1594304659472808,0.6453040760989325,0.19526545395378667,0.20761360723947517,0.7923863927605248,0.5990161966868076,0.40098380331319244,1,1,1,1,1,0
id03,2024-08-24,2024-08-23,1,1,1,1,0,0,0.0512932955660896,0.9487067044339104,0.1076635807114955,0.8923364192885045,0.1474416680863004,0.8525583319136996,0.5712193190650742,0.4287806809349258,0.505932427784168,0.494067572215832,0.0742877909763409,0.8284883118003608,0.0972238972232983,0.04705411960948064,0.9529458799905193,0.09788306554034595,0.902116937359654,0.14125404027767038,0.8587459587223296,0.06873107787870682,0.8421323206203247,0.08913660110096847,0.5725184331585668,0.4274815668414332,0.5221075810057512,0.4778924219942488,1,1,1,1,0,0
id03,2024-08-25,2024-08-24,1,1,1,1,0,0,0.0874259094032856,0.9125740905967143,0.176886199919194,0.8231138000808059,0.0729941184513029,0.927005881548697,0.5005554352404369,0.4994445647595631,0.7937457494557242,0.2062542505442758,0.0817625251628688,0.6947167036319858,0.2235207712051453,0.08112310346295704,0.918876896537043,0.1688760869272746,0.8311239130727254,0.0671432187061726,0.9328567833938273,0.07669977304658192,0.7115221192687873,0.21177810848463077,0.4978632147163932,0.5021367882836069,0.7975201305101518,0.20247987248984822,1,1,1,1,1,0
id03,2024-08-27,2024-08-26,1,1,1,1,1,1,0.2063527462274034,0.7936472537725966,0.2056745573526672,0.7943254426473327,0.2675417280683033,0.7324582719316967,0.3127609985846046,0.6872390014153954,0.4990208116278437,0.5009791883721563,0.1432058318428956,0.6040787862455085,0.2527153819115957,0.20089853060466306,0.7991014683953369,0.19764436661740048,0.8023556333825995,0.27993166526147295,0.720068334738527,0.13205354135860603,0.6363725636209576,0.23157390132043612,0.29249180832614413,0.7075081912738559,0.4825147654650593,0.5174852345349407,1,1,1,1,1,1
id03,2024-08-28,2024-08-27,1,1,1,1,1,0,0.0983954091570323,0.9016045908429676,0.1802730599937656,0.8197269400062344,0.3818903781146872,0.6181096218853128,0.4867193134375693,0.5132806865624306,0.6976347216050965,0.3023652783949034,0.0722807970354227,0.4985877856808287,0.4291314172837485,0.09145665344132907,0.908543346758671,0.16698031199438906,0.8330196860056109,0.3965186303032185,0.6034813696967816,0.06809899473188044,0.5042199971127458,0.4276810125553736,0.4835135620938124,0.5164864379061875,0.6986105844445869,0.3013894155554131,1,1,1,1,1,0
id03,2024-08-29,2024-08-28,1,1,1,1,1,0,0.1777066534749164,0.8222933465250836,0.2653265226688255,0.7346734773311745,0.2886663050390492,0.7113336949609508,0.2463401191742296,0.7536598808257704,0.5951030286168542,0.4048969713831458,0.0702229645085781,0.5070555632167412,0.4227214722746806,0.16796969312742477,0.8320303068725752,0.24811355740194296,0.751886442598057,0.2990800295351443,0.7009199704648558,0.06440560825772029,0.501893331895067,0.43370106504721256,0.23286258275680666,0.7671374167431935,0.5767025857551689,0.42329741424483125,1,1,1,1,1,0
id03,2024-09-16,2024-09-15,1,1,1,1,0,0,0.1033647435634285,0.8966352564365715,0.1725914808778886,0.8274085191221113,0.0514656223778265,0.9485343776221734,0.5199123888065064,0.4800876111934936,0.787903123030484,0.2120968769695159,0.0861778671189507,0.5240114314288071,0.3898107014522422,0.09952536620708566,0.9004746337929144,0.15820349449009974,0.8417965072099002,0.047227053440043854,0.9527729468599561,0.08080397300705564,0.5088084112859265,0.410387611307018,0.5290786499258557,0.4709213500741442,0.8034517467274357,0.1965482552725643,1,1,1,1,0,0
id03,2024-09-17,2024-09-16,1,1,1,2,1,1,0.1012584352959679,0.8987415647040321,0.1396995713232025,0.8603004286767975,0.2165460198713801,0.7834539801286199,0.2119266575670518,0.7880733424329481,0.4023472626163236,0.5976527373836764,0.0967019856280443,0.2663719102616652,0.6369261041102905,0.0936221943663711,0.9063778082336289,0.13259578319088225,0.8674042158091178,0.2121857118842421,0.7878142881157579,0.09074483086523986,0.2733496992354987,0.6359054636992615,0.21185268681034664,0.7881473131896534,0.39886437835469124,0.6011356236453088,1,1,1,2,1,1
id03,2024-09-18,2024-09-17,1,1,1,1,0,1,0.3581847865549944,0.6418152134450056,0.084374427822771,0.915625572177229,0.2837846976010876,0.7162153023989124,0.73793849964778,0.26206150035222,0.1853425244585428,0.8146574755414572,0.2350302163134693,0.6176784604336882,0.1472913232528425,0.358954070899495,0.6410459321005051,0.0772897839404939,0.9227102149595061,0.27635340384097884,0.7236465961590212,0.23208992468212236,0.6217079613903194,0.14620211092755825,0.751263024683002,0.24873697831699798,0.17955535701268852,0.8204446429873115,1,1,1,1,0,1
id03,2024-09-19,2024-09-18,1,1,0,1,0,0,0.4735956993116584,0.5264043006883415,0.2007905092309342,0.7992094907690658,0.5800178141129011,0.4199821858870989,0.5954364299937466,0.4045635700062534,0.6645055255520171,0.3354944744479828,0.2790024199787787,0.3635640551127823,0.357433524908439,0.45784547338049253,0.5421545266195075,0.18509340700784077,0.8149065916921592,0.584021542701611,0.415978457298389,0.2605705899809008,0.37530192960150405,0.3641274824175951,0.5947795419943719,0.4052204560056281,0.6797731199968154,0.32022688000318456,1,1,0,1,0,0
id03,2024-09-21,2024-09-20,1,1,1,1,0,1,0.3025488603729216,0.6974511396270784,0.0942218907166597,0.9057781092833402,0.4163233872272424,0.5836766127727576,0.6574830916029797,0.3425169083970203,0.4880727003966165,0.5119272996033835,0.1105327523646287,0.7204267372697266,0.1690405103656445,0.29906975133562946,0.7009302456643706,0.08607949084499375,0.9139205083550062,0.41168287150451816,0.5883171314954818,0.10623251212816584,0.725274448542754,0.16849304632908005,0.6609456224426817,0.33905437555731827,0.5081562503569549,0.4918437446430451,1,1,1,1,0,0
id03,2024-09-22,2024-09-21,1,1,1,1,0,0,0.3037825123355772,0.6962174876644228,0.1067726955102884,0.8932273044897115,0.1120025081591746,0.8879974918408253,0.6889445317461393,0.3110554682538606,0.8938735548047372,0.1061264451952628,0.1757332166306364,0.6399776895339303,0.1842890938354334,0.29204042210201947,0.7079595788979806,0.09825189815925955,0.9017481040407405,0.10378780034325716,0.8962121996567428,0.16671646396757278,0.6422665005805372,0.19101704045189008,0.6957488115715253,0.30425118642847454,0.8967366063242634,0.10326339467573653,1,1,1,1,0,0
id03,2024-10-04,2024-10-03,0,1,1,0,1,1,0.6762515525216519,0.3237484474783481,0.2567861276270849,0.743213872372915,0.3762140812357866,0.6237859187642134,0.4836633578476383,0.5163366421523616,0.3479098012220858,0.6520901987779142,0.4887479625480651,0.4480315581121992,0.0632204793397357,0.6737555572694868,0.3262444447305133,0.2498097838643764,0.7501902151356235,0.36465116811220794,0.635348831887792,0.46887750129325856,0.4722197773009793,0.058902722005762125,0.48961855206287447,0.5103814479371255,0.3334621010998773,0.6665378989001228,0,1,1,1,1,1
id03,2024-10-05,2024-10-04,1,1,1,1,1,1,0.4505006654962936,0.5494993345037064,0.3601005871915413,0.6398994128084586,0.2533791050331583,0.7466208949668417,0.4178196512471972,0.5821803487528028,0.4913950836690305,0.5086049163309695,0.2123693680216836,0.7285076101481369,0.0591230218301792,0.44841776894666424,0.5515822310533357,0.34040130947238717,0.6595986915276127,0.24747850152984247,0.7525214954701576,0.21523300321951527,0.7301826341333232,0.05458436364716128,0.4378059861224775,0.5621940138775225,0.5078851413021275,0.4921148546978726,1,1,1,1,1,0
id03,2024-10-06,2024-10-05,1,1,1,1,0,0,0.369298565282449,0.630701434717551,0.2791027652027807,0.7208972347972192,0.3066232947845058,0.6933767052154942,0.5267988735435323,0.4732011264564676,0.5392688675070955,0.4607311324929045,0.2235852425125881,0.6803332949931782,0.0960814624942336,0.3615957747542041,0.6384042252457959,0.27082647868250265,0.7291735213174974,0.29559514030605527,0.7044048596939448,0.2128438432613293,0.6989728854938604,0.08818327684481025,0.5288078461891791,0.4711921578108209,0.5229097037563859,0.47709029924361407,1,1,1,1,0,0
id03,2024-10-10,2024-10-09,1,0,1,1,0,1,0.4383671402731596,0.5616328597268404,0.5941025679644165,0.4058974320355834,0.331021923171366,0.668978076828634,0.6364681497339311,0.3635318502660689,0.3527093349964268,0.6472906650035731,0.1963818041994833,0.6754275142429661,0.1281906815575505,0.43295799924584366,0.5670420007541563,0.5634291531679749,0.43657084883202507,0.3186725898542294,0.6813274091457706,0.196678356779535,0.6791109828186696,0.12421065940179546,0.6375360647605379,0.36246393523946197,0.34239407349678413,0.6576059285032159,1,0,1,1,0,1
id04,2024-09-10,2024-09-09,0,1,1,0,0,0,0.8199624483925748,0.1800375516074251,0.090453141197266,0.909546858802734,0.3969347421724538,0.6030652578275462,0.6961861119564217,0.3038138880435784,0.6960034263257038,0.3039965736742963,0.7485908230725276,0.202186381840265,0.0492227950872073,0.8335596795533173,0.16644031904668258,0.0863304910775394,0.9136695089224607,0.4016653079552084,0.5983346920447915,0.7665837307652749,0.1887189166562385,0.04469735107848657,0.6948646847607794,0.3051353132392206,0.7143943336931334,0.28560566670686666,0,1,1,0,0,0
id04,2024-09-12,2024-09-11,0,1,1,0,1,0,0.7031219228533749,0.296878077146625,0.1994486194936608,0.8005513805063391,0.3988252988834924,0.6011747011165076,0.4933250894435735,0.5066749105564264,0.610259892416226,0.389740107583774,0.6325575826352207,0.2947562645586226,0.0726861528061568,0.7262317265680375,0.2737682764319625,0.19754887854429473,0.8024511224557052,0.42283240399514316,0.5771675960048569,0.6445986943716986,0.2880139151027603,0.06738738122554112,0.5009088804992161,0.49909111750078383,0.6188868181746034,0.38111318482539663,0,1,1,0,0,0
id04,2024-09-13,2024-09-12,0,1,1,0,0,1,0.8007223544317273,0.1992776455682726,0.4578721654584375,0.5421278345415624,0.2414077311155955,0.7585922688844045,0.5405218721083025,0.4594781278916975,0.37436309183878,0.62563690816122,0.5821310691780847,0.383691455412988,0.0341774754089272,0.8054728189885546,0.19452718101144534,0.4630670889125938,0.5369329070874062,0.23298569800403596,0.7670143019959641,0.5733840862602761,0.3948875538716892,0.03172835516803448,0.5509783498974723,0.44902165310252773,0.37492030865490206,0.625079691345098,0,1,1,0,0,1
id04,2024-09-14,2024-09-13,1,1,1,1,1,1,0.2142964606549127,0.7857035393450873,0.2077308221831464,0.7922691778168536,0.3321474851551871,0.6678525148448129,0.2304605151795393,0.7695394848204606,0.2413780245024929,0.7586219754975071,0.3189738950058599,0.4997951140210849,0.1812309909730552,0.21017863758942143,0.7898213624105785,0.20426356696483175,0.7957364300351683,0.3146127636396684,0.6853872363603317,0.31674404050527394,0.5157390326189764,0.16751692787574968,0.2165635322615854,0.7834364663384146,0.2280236680522436,0.7719763319477564,1,1,1,1,1,1
id04,2024-09-15,2024-09-14,0,0,1,1,1,0,0.7278534421931347,0.2721465578068652,0.8880405826535804,0.1119594173464196,0.1735797641475284,0.8264202358524716,0.0938199233864283,0.9061800766135716,0.6739897381301684,0.3260102618698316,0.0540827035497414,0.8488047743815837,0.0971125220686746,0.7347888629738213,0.26521113502617866,0.8954900743882225,0.10450992561177765,0.15826019503277555,0.8417398022672244,0.04949565589476726,0.8608496569434254,0.08965468526180714,0.08677576234778547,0.9132242389522144,0.6628742243171515,0.3371257756828485,0,0,1,1,1,0
id04,2024-09-16,2024-09-15,0,0,1,1,1,1,0.8497581771192577,0.1502418228807422,0.8392317823660023,0.1607682176339977,0.1353230098077056,0.8646769901922944,0.2419650877507193,0.7580349122492807,0.4020115750975122,0.5979884249024878,0.4007113937305315,0.5740098885866683,0.0252787176828,0.860067439407332,0.13993255909266797,0.853398354129402,0.14660164857059793,0.12367858462693503,0.8763214151730649,0.37511663135747836,0.6014641197280015,0.02341925461452,0.22508830947564737,0.7749116910243526,0.400931711587761,0.599068288412239,0,0,1,1,1,1
id04,2024-09-19,2024-09-18,1,1,1,1,1,1,0.0925042808839886,0.9074957191160112,0.3503287377860289,0.6496712622139711,0.319735755131146,0.680264244868854,0.3908742872807252,0.6091257127192747,0.2062213786210754,0.7937786213789245,0.3047501452586026,0.5164793904860268,0.1787704642553706,0.08679912519558973,0.9132008772044101,0.33489451500742606,0.665105485992574,0.3029535316180314,0.6970464703819687,0.2990929867327423,0.5286831114374241,0.17222390082983355,0.3794704745526527,0.6205295254473472,0.21096750075896786,0.789032499241032,1,1,1,1,1,1
id04,2024-09-20,2024-09-19,1,1,1,0,1,1,0.2301725535432631,0.7698274464567368,0.3217185022761399,0.67828149772386,0.3653692274998722,0.6346307725001278,0.4030485514906186,0.5969514485093814,0.3551859979750665,0.6448140020249334,0.5237253917604215,0.4259646267121746,0.0503099815274037,0.2214229991889368,0.7785770018110632,0.3170104220485259,0.6829895779514741,0.363556414749885,0.636443585250115,0.5321859195843794,0.4207145960409571,0.04709948167466333,0.4068616593415567,0.5931383406584434,0.33822072117755986,0.6617792818224401,1,1,1,0,1,1
id04,2024-09-21,2024-09-20,1,1,1,0,1,0,0.453572519947508,0.546427480052492,0.1429118780352999,0.8570881219647001,0.3368842507979057,0.6631157492020943,0.3201414245912198,0.6798585754087801,0.5208230603511763,0.4791769396488237,0.667662344927178,0.2938332483521948,0.0385044067206272,0.44134142595275727,0.5586585720472428,0.14335166823176992,0.8566483297682301,0.34168101871811507,0.6583189812818848,0.6560859804344602,0.30751047651697533,0.03640354114856448,0.32001993213209784,0.6799800678679021,0.5004491023160587,0.4995508956839413,1,1,1,0,1,0
id04,2024-09-23,2024-09-22,0,0,1,1,1,0,0.8600831480999367,0.1399168519000633,0.7822591210403302,0.2177408789596697,0.1138094219366439,0.8861905780633561,0.2267271885956193,0.7732728114043806,0.5842158506949018,0.4157841493050982,0.1215846417124044,0.7081255148000491,0.1702898434875464,0.866675153289943,0.133324844210057,0.7998989089362973,0.20010108876370275,0.10447017124297951,0.8955298302570205,0.11382770074116397,0.7272637993200443,0.15890849943879176,0.21400228233605736,0.7859977202639425,0.5818120456254117,0.41818795437458844,0,0,1,1,1,0
id04,2024-09-24,2024-09-23,1,1,1,0,1,1,0.2197065635191131,0.7802934364808869,0.1183468603883873,0.8816531396116126,0.1948122126573317,0.8051877873426683,0.4845710560579175,0.5154289439420825,0.3828880719742779,0.6171119280257221,0.6473966862305303,0.319193124591058,0.0334101891784118,0.2051990047672018,0.7948009928327983,0.11535330134954858,0.8846466956504514,0.18489351939159854,0.8151064786084015,0.6669923476074773,0.3022443171319522,0.03076333776057062,0.47490736545212575,0.5250926345478742,0.3628340307768501,0.6371659692231499,1,1,1,0,1,1
id04,2024-09-25,2024-09-24,0,1,1,0,0,0,0.5492616553168101,0.4507383446831899,0.4702191766150119,0.5297808233849881,0.3765215326559928,0.6234784673440071,0.621780581391078,0.378219418608922,0.6919587235200032,0.3080412764799968,0.6142804031231317,0.3030006370393264,0.0827189598375417,0.5543189157851292,0.44568108421487096,0.45789069695351076,0.5421093010464892,0.34995050839039354,0.6500494906096064,0.6248326488108185,0.29783670333539375,0.07733064025378754,0.6116385532519701,0.3883614467480298,0.7137109141680029,0.28628908583199714,0,1,1,0,0,0
id04,2024-09-26,2024-09-25,0,1,1,0,0,1,0.7958882555215596,0.2041117444784404,0.1786194858693596,0.8213805141306404,0.373545822501598,0.6264541774984019,0.6485263198973596,0.3514736801026403,0.3426365232977454,0.6573634767022546,0.8711532751585681,0.102274463774421,0.0265722610670106,0.8050144099694037,0.19498558903059637,0.17223327928242366,0.8277667227175763,0.3582861572514382,0.6417138397485618,0.8805733976427113,0.0951390068969789,0.02428759221030954,0.6702723819076237,0.32972761509237625,0.3280158439679709,0.6719841590320292,0,1,1,0,0,1
id04,2024-09-27,2024-09-26,1,0,1,0,0,1,0.1222975850377777,0.8777024149622222,0.5322719184664825,0.4677280815335175,0.3816675961084971,0.6183324038915029,0.6041509987990402,0.3958490012009598,0.3588165188301822,0.6411834811698178,0.5747288987328268,0.3857830363321473,0.0394880649350258,0.11358968023399993,0.886410319466,0.5390451106198342,0.4609548933801658,0.3665526344976474,0.6334473635023526,0.5602021588595442,0.4030255196989325,0.03677232074152322,0.5992896929191363,0.4007103070808638,0.34073410094716394,0.6592658990528361,1,0,1,0,0,1
id04,2024-10-15,2024-10-14,0,1,1,1,0,0,0.5865111588826588,0.4134888411173411,0.1441037534066824,0.8558962465933175,0.3030210120465417,0.6969789879534583,0.5170501342401886,0.4829498657598113,0.7865261378285717,0.2134738621714282,0.2037267463830692,0.503387014289128,0.2928862393278025,0.598915597994393,0.40108440200560697,0.13378666746601417,0.8662133319339858,0.3091466528418875,0.6908533491581125,0.2023840387447623,0.5207010928602153,0.2769148683950222,0.5164791308161698,0.4835208711838302,0.7885294840457145,0.21147051195428537,0,1,1,1,0,0
id04,2024-10-16,2024-10-15,1,1,1,2,1,0,0.097189907131898,0.902810092868102,0.3320450187828665,0.6679549812171335,0.2521149898984708,0.7478850101015292,0.1653878217830007,0.8346121782169993,0.8579540660915692,0.1420459339084308,0.0407279767765064,0.2919368077351584,0.6673352154883351,0.0914816534187082,0.9085183465812918,0.31467985490457984,0.6853201430954201,0.23919920190862376,0.7608007990913763,0.03807328954885576,0.28067248596164257,0.6812542289395016,0.16013186510470065,0.8398681353952994,0.8693571394824123,0.13064286181758772,1,1,1,2,1,0
id04,2024-10-17,2024-10-16,0,1,1,1,1,0,0.5600255610318718,0.4399744389681281,0.1168380063783887,0.8831619936216113,0.35388264016326,0.64611735983674,0.3851930421088434,0.6148069578911566,0.6475906566111711,0.3524093433888289,0.2259247186231416,0.49394194643785,0.2801333349390084,0.5540057489286847,0.4459942510713153,0.10978788874054983,0.8902121142594502,0.355092999146934,0.644907003853066,0.22357631276082743,0.508044156794065,0.26837952444510754,0.4042666428979591,0.595733354102041,0.643854270950054,0.356145729049946,0,1,1,1,1,0
id04,2024-10-18,2024-10-17,1,1,1,2,1,0,0.1897303275703915,0.8102696724296085,0.1002584971966382,0.8997415028033617,0.2207425038000594,0.7792574961999406,0.3665324366276422,0.6334675633723578,0.8912686220995696,0.1087313779004304,0.0567175672283876,0.4244929406769921,0.5187894920946203,0.17562728631335234,0.8243727151866476,0.09479972817697438,0.9052002725230256,0.20727183842005345,0.7927281615799466,0.05328796380554884,0.4498888466092929,0.4968231928851583,0.34308990696487796,0.656910093035122,0.9001771248896127,0.09982287611038737,1,1,1,2,1,0
id04,2024-10-19,2024-10-18,1,1,1,1,0,0,0.1125019502418915,0.8874980497581084,0.2842615350100314,0.7157384649899686,0.1942561866106359,0.8057438133893641,0.5068156648579483,0.4931843351420517,0.8986740052773379,0.1013259947226621,0.0330032893042022,0.5760203383643397,0.390976372331458,0.10454389851770235,0.8954561017822975,0.29762643950902823,0.7023735584909717,0.1843690575495723,0.8156309420504277,0.03156391477378198,0.5930764485279059,0.37535963509831216,0.4828995703721535,0.5171004316278465,0.9067534447496041,0.0932465571503959,1,1,1,1,1,0
id04,2024-10-20,2024-10-19,1,1,1,1,1,1,0.1207677937350538,0.8792322062649461,0.1661789614836196,0.8338210385163803,0.0612176587915987,0.9387823412084012,0.2024557683232662,0.7975442316767337,0.1369611464945798,0.8630388535054202,0.0805003321054981,0.8288409383837348,0.0906587295107671,0.11464152486154842,0.8853584756384516,0.16284777533525766,0.8371522246647423,0.05574716901243883,0.9442528310875611,0.07780874569494829,0.8390988245453614,0.0830924241096904,0.19233809949093958,0.8076618985090604,0.12812608864512182,0.8718739111548782,1,1,1,1,1,1
id04,2024-10-22,2024-10-21,1,1,1,1,1,0,0.3460595669840079,0.653940433015992,0.122153098479977,0.877846901520023,0.31769848782882,0.68230151217118,0.4481555933806896,0.5518444066193103,0.8239611467946599,0.17603885320534,0.2084865537093775,0.4136211958506919,0.3778922504399306,0.34620288028560714,0.6537971197143929,0.11332032833197932,0.8866796713680207,0.308345689045938,0.691654310954062,0.20648541733843975,0.4221153242656227,0.3713992603959375,0.45634739804262064,0.5436525989573793,0.834440982115194,0.16555901488480598,1,1,1,1,1,0
id04,2024-10-24,2024-10-23,1,1,1,1,1,0,0.0821133407318338,0.917886659268166,0.2258294977746814,0.7741705022253186,0.1555881342202623,0.8444118657797377,0.2653756390582802,0.7346243609417198,0.6973525839259547,0.3026474160740453,0.0960648339108766,0.495147718000503,0.4087874480886204,0.07640206985865042,0.9235979303413495,0.21415752399721324,0.7858424760027867,0.14366193779823608,0.856338062201764,0.09007781451978894,0.5116573512004526,0.3982648332797583,0.2491188631524522,0.7508811348475479,0.7033874455333593,0.29661255446664075,1,1,1,1,1,0
id04,2024-10-25,2024-10-24,1,1,1,1,1,0,0.0785345462005192,0.9214654537994807,0.2231726719170608,0.7768273280829392,0.2252967026682482,0.7747032973317518,0.3024953530244872,0.6975046469755127,0.6541191750545448,0.3458808249454553,0.0514308828823404,0.546416097486418,0.4021530196312417,0.07407946228046727,0.9259205384195327,0.20693339172535474,0.7930666082746454,0.21184693540142338,0.7881530645985767,0.052137672594106364,0.5572284977377762,0.39063382566811755,0.2860848837220385,0.7139151162779614,0.6710894535490902,0.3289105464509098,1,1,1,1,1,0
id04,2024-10-26,2024-10-25,1,1,1,2,1,0,0.0866353487341806,0.9133646512658192,0.1960907826401208,0.8039092173598792,0.1584156216498397,0.8415843783501603,0.2984119755139736,0.7015880244860264,0.8411080778265408,0.1588919221734591,0.0904311604284956,0.3328446958596615,0.5767241437118428,0.07930201666076254,0.9206979861392374,0.18523512937610875,0.8147648706238912,0.14569293808485573,0.8543070605151444,0.08475272358564603,0.3418972682736953,0.5733500093406585,0.27556938246257623,0.7244306170374238,0.8514855000438868,0.14851450395611318,1,1,1,2,1,0
id04,2024-10-28,2024-10-27,1,1,1,1,1,1,0.1294962837121205,0.8705037162878795,0.1258318433742493,0.8741681566257506,0.0515438075008024,0.9484561924991975,0.2817122593360472,0.7182877406639527,0.3313083145905179,0.6686916854094821,0.3029988860137565,0.6497572830468679,0.0472438309393755,0.12047074504090843,0.8795292546590916,0.11781936373682436,0.8821806359631755,0.04669234948072216,0.9533076532492778,0.28432553901238083,0.672530974742181,0.04314347964543795,0.2689093334024425,0.7310906665975575,0.31516833513146614,0.6848316668685339,1,1,1,1,1,1
id04,2024-10-29,2024-10-28,1,1,1,2,1,0,0.4109413926591181,0.5890586073408819,0.2049851605441998,0.7950148394558002,0.1827346246681703,0.8172653753318296,0.2608911643024392,0.7391088356975608,0.633605417109848,0.366394582890152,0.2433810512802192,0.3693713952396502,0.3872475534801305,0.40815483639320627,0.5918451636067936,0.19262963448977982,0.8073703655102202,0.1912228122013533,0.8087771877986467,0.23025368015219727,0.3802443857156852,0.3895019301321174,0.25468175787219527,0.7453182421278047,0.6290594453988632,0.37094055760113676,1,1,1,2,1,0
id04,2024-10-30,2024-10-29,1,1,1,1,1,0,0.2870884929771343,0.7129115070228657,0.0980536424786335,0.9019463575213664,0.3561004527501715,0.6438995472498285,0.215494656559353,0.7845053434406469,0.8238649584119291,0.1761350415880709,0.1126922966085,0.4723039206817632,0.4150037827097367,0.2755001656794208,0.7244998363205791,0.09197826523077016,0.9080217317692298,0.3385835404751543,0.6614164625248455,0.10509852734765,0.46765736661358687,0.42724410443876304,0.2029753065034177,0.7970246930965823,0.8312751325707363,0.16872487142926382,1,1,1,1,1,0
id05,2024-09-29,2024-09-28,1,1,0,0,0,0,0.1129764903070694,0.8870235096929305,0.1548917721834457,0.8451082278165543,0.7757386049678507,0.2242613950321492,0.7769377796570666,0.2230622203429334,0.8792655546924817,0.1207344453075183,0.5502687383327931,0.2914604733692174,0.1582707882979896,0.10489393967636246,0.8951060587236375,0.14564007796510112,0.8543599220348989,0.7808621344710657,0.21913786552893427,0.5719336884995138,0.2813384480322957,0.14672786246819067,0.7962706716913599,0.20372932870864008,0.8889791492232336,0.11102085277676646,1,1,0,0,0,0
id05,2024-09-30,2024-09-29,0,1,1,0,0,0,0.6071906771213071,0.3928093228786928,0.1850712192292362,0.8149287807707638,0.4265707918406428,0.5734292081593572,0.8883232200207191,0.1116767799792809,0.8735269876473432,0.1264730123526568,0.8280211241925796,0.1244343910641857,0.0475444847432346,0.6114109994091765,0.3885890005908235,0.1746747813063126,0.8253252186936875,0.40455866965657855,0.5954413303434214,0.8396639067733216,0.11639319755776714,0.04394289236891114,0.8972857050186471,0.10271429778135281,0.8833134288826089,0.1166865720173911,0,1,1,0,0,0
id05,2024-10-01,2024-09-30,1,0,1,0,0,0,0.4525200988312415,0.5474799011687584,0.6191682488212578,0.3808317511787422,0.1354716324978876,0.8645283675021124,0.8029561917369986,0.1970438082630013,0.7847936954168054,0.2152063045831945,0.7440288562092214,0.2292705536425648,0.0267005901482137,0.4534831169481173,0.5465168810518827,0.6321457239391319,0.36785427906086793,0.12509611584809885,0.8749038837519012,0.7500584305882994,0.22485084527830831,0.025090720933392333,0.8129034325632988,0.18709656543670117,0.7997155908751249,0.20028440672487505,1,0,1,0,0,0
id05,2024-10-02,2024-10-01,1,0,1,0,0,0,0.3899086071247576,0.6100913928752424,0.7253485399346555,0.2746514600653445,0.2651210062256526,0.7348789937743474,0.5799688725180665,0.4200311274819335,0.7688602357939842,0.2311397642060158,0.8007287345964428,0.1675247631549049,0.0317465022486522,0.37039464341228184,0.6296053565877181,0.7407722299411901,0.25922777105881006,0.2528159406030873,0.7471840593969127,0.8078786041367985,0.1624314748394144,0.02968992522378698,0.6088076152662598,0.39119238773374015,0.7884505422145858,0.2115494575854142,1,0,1,0,0,0
id05,2024-10-05,2024-10-04,1,0,1,1,0,0,0.2058890572766489,0.794110942723351,0.8643567198432903,0.1356432801567096,0.4377331405769488,0.5622668594230512,0.6596216482328272,0.3403783517671727,0.6400122064455462,0.3599877935544537,0.3615661689769607,0.5865919180240559,0.0518419129989833,0.20584185554898402,0.794158144451016,0.8718284278589613,0.12817157514103864,0.44350607451925395,0.5564939234807461,0.38689278207926464,0.5645126692216503,0.048594549999084975,0.6734465134095445,0.32655348559045544,0.6475149958009916,0.35248500819900835,1,0,1,1,0,0
id05,2024-10-06,2024-10-05,0,0,1,1,0,0,0.5610229053775584,0.4389770946224416,0.7271819187227931,0.2728180812772068,0.1628913055741975,0.8371086944258025,0.5283732761811928,0.4716267238188072,0.7427976214223099,0.2572023785776901,0.3166373384816896,0.6425860901124667,0.0407765714058437,0.5584684448398025,0.4415315551601975,0.7425850068505138,0.2574149941494861,0.15141643621677778,0.8485835649832223,0.35233262463352066,0.60945708910122,0.03821028476525933,0.5395040345630735,0.4604959614369265,0.7511689092800788,0.24883109071992113,0,0,1,1,0,0
id05,2024-10-07,2024-10-06,0,0,1,1,0,0,0.6478763629111127,0.3521236370888873,0.7228812356875371,0.2771187643124628,0.1446280261703691,0.8553719738296308,0.7323477394320159,0.2676522605679841,0.8729446502823757,0.1270553497176244,0.3577963027990002,0.5932398029027801,0.0489638942982196,0.6327206616200014,0.3672793383799986,0.7281022771187835,0.2718977218812165,0.13405389615333219,0.8659461064466678,0.35990646051910025,0.5921664726125021,0.04792706726839765,0.7399690804888144,0.2600309215111857,0.8827227952541381,0.11727720804586195,0,0,1,1,0,0
id05,2024-10-11,2024-10-10,0,0,1,0,0,0,0.5269785957524598,0.4730214042475403,0.8046953061577188,0.1953046938422812,0.4844641009503749,0.515535899049625,0.7388851517071962,0.2611148482928038,0.7708106828802233,0.2291893171197767,0.696308746989246,0.2711136965110538,0.0325775564997,0.5300719361772138,0.4699280678227863,0.8122082855419469,0.18779171295805308,0.49314750085533743,0.5068524941446626,0.7153482872903214,0.25439800085994846,0.03025371404973,0.7427185865364766,0.2572814164635234,0.7825885845922009,0.217411416407799,0,0,1,0,0,0
id05,2024-10-14,2024-10-13,0,0,1,1,0,0,0.7672178482067974,0.2327821517932026,0.8584625081427152,0.1415374918572848,0.1533985918172685,0.8466014081827314,0.6592403585678154,0.3407596414321846,0.6956957532852492,0.3043042467147508,0.4095164384270209,0.431371039941491,0.1591125216314881,0.7679934233861176,0.23200658061388235,0.8696928173284436,0.1303071860715563,0.14209616663554167,0.8579038333644583,0.42916019958431884,0.4178040709473419,0.15303573146833926,0.6662028497110338,0.33379714728896615,0.7048455279567243,0.29515447304327574,0,0,1,0,0,0
id05,2024-10-16,2024-10-15,1,0,0,1,1,0,0.1962189214906721,0.8037810785093279,0.7681471785384562,0.2318528214615438,0.5612219033685851,0.4387780966314148,0.2974804777409033,0.7025195222590966,0.8078684607029742,0.1921315392970257,0.3800791787333742,0.518498150895898,0.1014226703707277,0.1860744897416049,0.8139255106583951,0.7823826006846105,0.21761739731538943,0.5364505100317266,0.46354948696827336,0.39395307086003684,0.5081319828063082,0.09791494833365494,0.28422245996681295,0.715777540033187,0.8198302346326769,0.18016977036732312,1,0,0,1,1,0
id05,2024-10-17,2024-10-16,1,0,1,2,1,0,0.11915024243788,0.8808497575621199,0.8874777311188641,0.1125222688811359,0.3031450525039658,0.6968549474960342,0.3320564140994774,0.6679435859005226,0.6912548450925879,0.308745154907412,0.0921593419233505,0.36441807702522,0.5434225810514295,0.112996644894092,0.887003354805908,0.8943155720069776,0.1056844259930223,0.3038362572535692,0.6961637427464308,0.08984800173101545,0.38703411932269804,0.5231178729462865,0.31924391168952965,0.6807560873104703,0.7085484805833291,0.2914515234166708,1,0,1,2,1,0
id05,2024-10-18,2024-10-17,1,0,1,2,1,0,0.1515480167767696,0.8484519832232303,0.714320538866371,0.2856794611336289,0.2594186736189935,0.7405813263810065,0.405348027209419,0.594651972790581,0.8691624180755998,0.1308375819244002,0.1103710477613804,0.1999204893996903,0.6897084628389293,0.13880821049909264,0.8611917899009073,0.7328102219797339,0.267189780020266,0.24162086325709417,0.7583791367429058,0.10204782278524237,0.18857514145972126,0.7093770365550364,0.3923199874884771,0.607680015511523,0.8776009762680398,0.12239902493196018,1,0,1,2,1,0
id05,2024-11-07,2024-11-06,1,0,1,0,0,1,0.2675103520639589,0.7324896479360411,0.5427056975283984,0.4572943024716017,0.0563376328348665,0.9436623671651334,0.8699591439350238,0.1300408560649761,0.3314640770596452,0.6685359229403548,0.7673349656736227,0.1972878162700309,0.0353772180563464,0.26406882185756303,0.735931178142437,0.5451722077755585,0.45482779522444156,0.05162442155137985,0.94837558044862,0.7515272591062604,0.2146398266430278,0.03383291675071177,0.8588931295415214,0.1411068734584785,0.34101742935368073,0.6589825706463194,1,0,1,0,0,1
id05,2024-11-08,2024-11-07,1,1,1,0,0,0,0.266192781566321,0.733807218433679,0.4867075266831817,0.5132924733168183,0.1311813703443022,0.8688186296556978,0.8473789767599549,0.1526210232400451,0.5505100239489771,0.4494899760510228,0.7445064577104494,0.2246391529690534,0.0308543893204972,0.2615101464096889,0.7384898535903112,0.4952925340148635,0.5047074629851365,0.11997340130987198,0.8800265966901281,0.7242200789394045,0.24651510567214807,0.029264818388447484,0.8521337290839595,0.14786627091604057,0.5577628615540794,0.44223714044592055,1,1,1,0,0,0
id05,2024-11-13,2024-11-12,1,0,1,1,0,0,0.1287883926850116,0.8712116073149884,0.617542033851003,0.3824579661489969,0.0655472032719264,0.9344527967280736,0.8389037637988339,0.1610962362011661,0.5949666622965897,0.4050333377034102,0.3533235837332641,0.5549948739418026,0.0916815423249333,0.12091902581651046,0.8790809765834896,0.6034652634659028,0.3965347365340972,0.05999658874473376,0.9400034110552662,0.3457507983599377,0.5664680535476223,0.08778114969243997,0.8475164644189506,0.15248353458104946,0.6126479760669307,0.38735202493306925,1,0,1,1,0,0
id05,2024-11-14,2024-11-13,0,1,1,0,0,1,0.6482794573837979,0.3517205426162021,0.3167580135144757,0.6832419864855243,0.1249296287087003,0.8750703712912996,0.7505863727177478,0.2494136272822522,0.4572553909448913,0.5427446090551087,0.7331659812144445,0.2124107975914864,0.0544232211940689,0.6538715716454181,0.34612842535458194,0.30378383716302815,0.6962161628369719,0.11399358083783027,0.8860064191621696,0.7402245300930002,0.20966657783233777,0.050108889474662015,0.766820825445973,0.23317917395402696,0.4642229148504022,0.5357770851495979,0,1,1,0,0,1
id05,2024-11-16,2024-11-15,1,0,1,1,0,0,0.1199854696036561,0.8800145303963438,0.7356707309274291,0.264329269072571,0.089211154091817,0.910788845908183,0.6350955859017808,0.3649044140982191,0.5377665211222085,0.4622334788777916,0.0875881735785393,0.6356705731929988,0.2767412532284618,0.11062389164329049,0.8893761073567095,0.7298179678346861,0.2701820321653139,0.0813412142826353,0.9186587853173648,0.08322047552068537,0.6461095608736989,0.27066996390561565,0.6361882773116028,0.36381172268839723,0.5441561150099876,0.45584388499001244,1,0,1,1,0,0
id05,2024-11-17,2024-11-16,1,0,0,1,0,0,0.4399021183810594,0.5600978816189406,0.7085166713755091,0.2914833286244908,0.6908670485689232,0.3091329514310767,0.8071861913105689,0.192813808689431,0.9158232269337464,0.0841767730662535,0.3497540851487269,0.449760917583774,0.2004849972674991,0.4300843345429535,0.5699156634570466,0.7171405142379582,0.2828594827620417,0.696029056712031,0.3039709432879691,0.37672730963385426,0.4355016458253966,0.1877710425407492,0.822513572179512,0.1774864298204879,0.9213197942403718,0.07868020705962815,1,0,0,1,0,0
id05,2024-11-18,2024-11-17,0,1,0,0,0,0,0.8967876082028077,0.1032123917971923,0.4618589819404632,0.5381410180595367,0.5991726352002681,0.4008273647997319,0.8209806961990168,0.1790193038009832,0.8479032505954145,0.1520967494045855,0.7298236004646513,0.2229666626552404,0.0472097368801082,0.902104912382527,0.09789508731747308,0.4601276877464169,0.5398723122535831,0.6025522716802413,0.3974477283197587,0.7405782264181863,0.21540511838971635,0.04401665519209738,0.8356091465791152,0.16439085192088487,0.8587304755358731,0.14126952276412696,0,1,0,0,0,0
id05,2024-11-19,2024-11-18,1,0,1,1,1,1,0.4216896814087816,0.5783103185912184,0.6392777152823426,0.3607222847176575,0.0666227149460552,0.9333772850539448,0.3324118097670611,0.6675881902329389,0.3844871803244974,0.6155128196755025,0.3534415883276973,0.5517727347465319,0.0947856769257708,0.4158874562679034,0.5841125467320966,0.6187721007541083,0.3812278992458918,0.060785282351449685,0.9392147165485504,0.3378982804949276,0.5721235312718786,0.08997818963319373,0.340828374790355,0.6591716252096451,0.36904998529204763,0.6309500147079523,1,0,1,1,1,1
id05,2024-11-20,2024-11-19,1,0,1,1,0,0,0.1309861716248288,0.8690138283751712,0.5196578644602415,0.4803421355397584,0.0539509130989125,0.9460490869010876,0.6156167937317378,0.3843832062682622,0.6760106324998807,0.3239893675001192,0.1968414241462176,0.7449077367161762,0.0582508391376061,0.12689593846234593,0.873104061537654,0.4945362400142174,0.5054637619857826,0.04922087253902125,0.9507791282109789,0.18348821073159585,0.7628161330445585,0.05369565562384549,0.635061814358564,0.364938185641436,0.6799865462498926,0.3200134567501073,1,1,1,1,0,0
id06,2024-07-07,2024-07-06,1,0,1,1,1,1,0.0664183532414656,0.9335816467585344,0.7346142661387407,0.2653857338612593,0.4861988944093994,0.5138011055906005,0.0262093583384208,0.9737906416615792,0.0387569626178597,0.9612430373821402,0.1112113331885132,0.5800545531468205,0.3087341136646662,0.06097711041731904,0.939022892082681,0.7385765795248667,0.2614234204751334,0.4520191249684595,0.5479808750315405,0.10650015486966188,0.5896113318321385,0.3038885162981996,0.02429460045457872,0.9757053974954213,0.03541618825607373,0.9645838136439262,1,0,1,1,1,1
id06,2024-07-08,2024-07-07,1,0,0,1,1,1,0.372993890553582,0.627006109446418,0.7389909990372735,0.2610090009627265,0.7073300459749005,0.2926699540250995,0.046952301115838,0.953047698884162,0.0346450311579547,0.9653549688420452,0.032023909990349,0.7987472780378697,0.1692288119717812,0.36329671549822384,0.6367032845017763,0.7469789651335461,0.2530210328664539,0.7143452263774105,0.28565477462258954,0.0299936611913141,0.7979819272340828,0.17202440677460307,0.0430179779342542,0.9569820219957458,0.03186834774215923,0.9681316519578407,1,0,0,1,1,1
id06,2024-07-09,2024-07-08,0,1,1,2,1,1,0.7287998343416013,0.2712001656583987,0.1016322261011989,0.8983677738988011,0.0699148728269464,0.9300851271730536,0.0376119739022318,0.9623880260977682,0.0348049639132145,0.9651950360867856,0.0402802964463395,0.3997807489085328,0.5599389546451277,0.7358272109074412,0.26417278909255887,0.09478619849107901,0.9052138015089211,0.06460111924425177,0.9353988804557483,0.036792755761705556,0.3863110240176796,0.576896219180615,0.03434628184200862,0.9656537184879914,0.03211313232189305,0.967886867478107,0,1,1,2,1,1
id06,2024-07-10,2024-07-09,0,1,1,1,1,1,0.8507869616631087,0.1492130383368912,0.2920686260059456,0.7079313739940544,0.2320134121464513,0.7679865878535487,0.0582098658186504,0.9417901341813496,0.0435494390819494,0.9564505609180506,0.0260949061306709,0.7237292871588283,0.2501758067105007,0.854616955496798,0.14538304350320208,0.278645878405351,0.721354121594649,0.22259664093180617,0.7774033590681938,0.024151651617603808,0.7350516454429454,0.24079670703945066,0.05374283453678536,0.9462571657632146,0.040699166773754465,0.9593008348262455,0,1,1,1,1,1
id06,2024-07-11,2024-07-10,0,1,1,1,1,1,0.6495610050776464,0.3504389949223536,0.1475200272681744,0.8524799727318255,0.1647593986571215,0.8352406013428785,0.0326438448991004,0.9673561551008996,0.0479031870629219,0.952096812937078,0.029038969424207,0.6185300772690825,0.3524309533067105,0.6585749645698817,0.3414250334301182,0.13616073284135696,0.863839265458643,0.15706001029140937,0.8429399912085906,0.0272331704817863,0.6379723335421742,0.33479449797603944,0.03021654800919036,0.9697834495908096,0.04425136475662971,0.9557486356433703,0,1,1,1,1,1
id06,2024-07-12,2024-07-11,0,1,1,1,1,1,0.8862740749670237,0.1137259250329763,0.2357431441109986,0.7642568558890014,0.1779221491435038,0.8220778508564962,0.0385140437961929,0.9614859562038072,0.0503049378580495,0.9496950621419504,0.0626168921572227,0.7371330352722093,0.2002500725705679,0.8963329074703213,0.10366709132967866,0.2576719096998987,0.7423280903001013,0.1716103012291534,0.8283896957708465,0.05740446734150043,0.7573926617449884,0.18520286971351113,0.03537032536657361,0.9646296745834265,0.04652423427224456,0.9534757659277555,0,1,1,1,1,1
id06,2024-07-13,2024-07-12,0,1,1,1,1,1,0.7615386253610235,0.2384613746389766,0.1577617308315076,0.8422382691684923,0.0633881499094324,0.9366118500905676,0.0287655903790129,0.9712344096209872,0.090448405736913,0.909551594263087,0.0116268582241817,0.7185800504604213,0.2697930913153968,0.7641719128249211,0.23582808717507894,0.14603667074835683,0.8539633292516431,0.05915465441848916,0.9408453450815109,0.01075674043176353,0.7210435154143792,0.26819973718385715,0.026220236471111612,0.9737797636588885,0.08527789096322169,0.9147221088367783,0,1,1,1,1,1
id06,2024-07-14,2024-07-13,1,0,1,1,1,1,0.1892412077065438,0.8107587922934562,0.792264990185722,0.2077350098142779,0.2402345214007909,0.7597654785992091,0.0387087836077808,0.9612912163922191,0.0329669594192338,0.967033040580766,0.0964903036140647,0.7956582491138573,0.107851447272078,0.18714595193588943,0.8128540480641107,0.7984237961671499,0.20157620583285013,0.22964870426071182,0.7703512957392882,0.08925004615265823,0.8107698012024716,0.0999801536448702,0.03528677590700272,0.9647132247529973,0.03009779567731042,0.9699022065226894,1,0,1,1,1,1
id06,2024-07-16,2024-07-15,0,1,1,1,1,1,0.8821810553462996,0.1178189446537003,0.1102546956549537,0.8897453043450463,0.149303126783866,0.850696873216134,0.0280582706648656,0.9719417293351345,0.086076338490974,0.913923661509026,0.0208643352974979,0.5986084704800048,0.3805271942224973,0.8828739348116696,0.11712606218833027,0.10263491028945833,0.8973650899105416,0.14336549210547941,0.8566345058945206,0.019275768837748113,0.6292967534320043,0.3514274818002476,0.02563344839837904,0.9743665514016211,0.0792697782418766,0.9207302213581234,0,1,1,1,1,1
id06,2024-07-17,2024-07-16,0,1,1,1,1,1,0.8434436502353364,0.1565563497646636,0.2480678589314131,0.7519321410685869,0.1324811759972655,0.8675188240027345,0.030754146009204,0.969245853990796,0.0567755763336851,0.9432244236663148,0.0207153518582241,0.7644030906693801,0.2148815574723956,0.8542782052118028,0.14572179218819725,0.23909917703827177,0.7609008229617282,0.12397954909753894,0.8760204516024611,0.019179090872401692,0.780032645602442,0.20078825572515605,0.028306123938283603,0.9716938785917164,0.051823657570316595,0.9481763412996833,0,1,1,1,1,1
id06,2024-07-18,2024-07-17,0,1,1,2,1,1,0.8910160173717532,0.1089839826282468,0.0813246094947005,0.9186753905052994,0.0854091159277647,0.9145908840722352,0.0507807254744184,0.9492192745255816,0.0605415057163201,0.93945849428368,0.0633099629030329,0.4259779081941921,0.510712128902775,0.8989129856345779,0.10108701436542211,0.07436597264523044,0.9256340274547695,0.07933816123498824,0.9206618386650117,0.058153890812729606,0.4433055673747729,0.49854054301249745,0.04620539426697656,0.9537946070730235,0.0569078699446881,0.943092129855312,0,1,1,2,1,1
id06,2024-07-19,2024-07-18,0,1,1,2,1,1,0.9035700472975096,0.0964299527024904,0.2654980925673077,0.7345019074326923,0.1407509138696736,0.8592490861303264,0.0995111463589254,0.9004888536410746,0.141276183380251,0.858723816619749,0.0414246150562471,0.1942644621393607,0.7643109228043922,0.9115781765677586,0.08842182273224136,0.266676936310577,0.733323066689423,0.13252682298270624,0.8674731775172938,0.03878664875062239,0.18464723792542462,0.776566105523953,0.09359378802303285,0.906406212276967,0.1370354914422259,0.8629645089577741,0,1,1,2,1,1
id06,2024-07-21,2024-07-20,0,0,0,1,1,1,0.5507590288780704,0.4492409711219296,0.7214818926326263,0.2785181073673737,0.6116427436742953,0.3883572563257048,0.0450993339127074,0.9549006660872924,0.0760101349114716,0.9239898650885284,0.2322387531145144,0.6370558955504528,0.1307053513350327,0.5304195689902633,0.46958043400973665,0.7357905133693636,0.26420948563063634,0.6202647553068658,0.3797352406931343,0.22020344580306297,0.6554484919954076,0.12434805420152942,0.04149388312143666,0.9585061194785631,0.06949456972032445,0.9305054285796757,0,0,0,1,1,1
id06,2024-08-10,2024-08-09,0,1,1,1,1,1,0.6432296030632121,0.3567703969367879,0.0889681623325825,0.9110318376674176,0.1034294590851682,0.8965705409148318,0.0840049576471725,0.9159950423528276,0.0588971922932828,0.9411028077067172,0.0680429420472733,0.4856378967763379,0.4463191611763888,0.6375500787568908,0.3624499212431091,0.08199561049932426,0.9180043899006758,0.09547739257665137,0.9045226068233486,0.06285527144254598,0.4691047550987041,0.46803997505874995,0.07703118848245526,0.9229688111175448,0.054636432263954524,0.9453635669360454,0,1,1,1,1,1
id06,2024-08-12,2024-08-11,0,1,1,1,1,1,0.7759358966479492,0.2240641033520508,0.4790214409442275,0.5209785590557725,0.1795201730641925,0.8204798269358075,0.0448849025909331,0.9551150974090667,0.0328152119116595,0.9671847880883404,0.0556049401745736,0.8155826810048622,0.128812378820564,0.7943382339831543,0.2056617673168457,0.4819589368498048,0.5180410631501953,0.17659069575777325,0.8234093042422268,0.051490985757116234,0.822618092904376,0.12589092493850762,0.04083949538183979,0.9591605046681602,0.029920620230493553,0.9700793792795064,0,1,1,1,1,1
id06,2024-08-13,2024-08-12,0,1,1,1,1,1,0.9341990692584908,0.0658009307415091,0.0559303122620854,0.9440696877379146,0.0930696979800175,0.9069303020199824,0.0382664502508791,0.9617335497491208,0.0522841693102804,0.9477158306897197,0.0320461847844083,0.5943875481182707,0.3735662670973209,0.9390575123326417,0.06094248726735819,0.05199062443587686,0.9480093759641232,0.08569049138201576,0.9143095088179841,0.029827826305967472,0.5879790533064436,0.3821931273875888,0.034774920425791195,0.9652250797742088,0.04770694504925236,0.9522930576207478,0,1,1,1,1,1
id06,2024-08-14,2024-08-13,0,1,1,1,1,1,0.9289632065703026,0.0710367934296974,0.1027920119130378,0.8972079880869621,0.0910797775943271,0.9089202224056728,0.0645914736360065,0.9354085263639934,0.0689089002603335,0.9310910997396664,0.1306127557627178,0.5779482541144874,0.2914389901227948,0.9326253159132724,0.06737468708672767,0.09458736232173402,0.9054126392782659,0.08372677513489439,0.9162732251651056,0.12392230018644602,0.5893781737030386,0.2866995261105153,0.059346204672405846,0.9406537937275941,0.06282201133430015,0.9371779897656998,0,1,1,1,1,1
id06,2024-08-15,2024-08-14,0,1,1,1,1,1,0.9476254036677728,0.0523745963322271,0.1363408838252389,0.8636591161747611,0.0660002100223241,0.933999789977676,0.0582466234072841,0.941753376592716,0.0517600496165212,0.9482399503834787,0.0798376563370385,0.7291874055435548,0.1909749381194067,0.9518828933009956,0.04811711099900439,0.125152272642715,0.874847724557285,0.0608354450200917,0.9391645549799085,0.07496230680333466,0.7413237249891993,0.18371396790746602,0.05304019832655569,0.9469597989334444,0.04730808611486908,0.952691915345131,0,1,1,1,1,1
id06,2024-08-20,2024-08-19,0,1,1,1,1,1,0.9628693650150868,0.037130634984913,0.106113474152691,0.893886525847309,0.110413367516009,0.889586632483991,0.0461918843018855,0.9538081156981144,0.0522265728694875,0.9477734271305124,0.0641403036735222,0.8000935573646676,0.1357661389618103,0.9657641585135781,0.034235839886421704,0.0973819141374219,0.9026180832625782,0.1023285224644081,0.8976714792355919,0.06041970930616999,0.8085401716282008,0.13104010846562927,0.04224466077169695,0.957755339128303,0.047441175252538756,0.9525588244174611,0,1,1,1,1,1
id06,2024-08-21,2024-08-20,0,1,1,1,1,1,0.9505275984626192,0.0494724015373807,0.0522909625291119,0.947709037470888,0.0395081132551,0.9604918867449,0.0449215978740862,0.9550784021259138,0.0598293686449694,0.9401706313550304,0.1020703743907098,0.6489501966375789,0.2489794289717112,0.9542248636163573,0.04577513558364263,0.04818845367620071,0.9518115437237993,0.03651120872959,0.9634887910704101,0.09460442675163883,0.674596396973821,0.23079917167454006,0.04096864554667758,0.9590313519133223,0.054453987880472454,0.9455460122195274,0,1,1,1,1,1
id06,2024-08-22,2024-08-21,0,1,1,2,1,1,0.9424559258734072,0.0575440741265928,0.0508303357722378,0.9491696642277622,0.0942177898735249,0.9057822101264752,0.0762726326989109,0.9237273673010892,0.0371855169600291,0.9628144830399707,0.0513338599831957,0.3924194043500302,0.5562467356667741,0.9474996192860665,0.05250038313393352,0.04745105919501402,0.952548937804986,0.08652563638617242,0.9134743641138278,0.04742501598487613,0.3787310639150272,0.5738439181000966,0.0694215589990198,0.9305784405709803,0.03386601836402619,0.9661339817359736,0,1,1,2,1,1
id06,2024-08-23,2024-08-22,0,1,1,2,1,1,0.5690602925687882,0.4309397074312118,0.2113367009479999,0.788663299052,0.0917158996479673,0.9082841003520328,0.0547049498041015,0.9452950501958984,0.0400592434943155,0.9599407565056844,0.033220644388826,0.3985384463427985,0.5682409092683754,0.5854743933119094,0.41452560468809063,0.19715587085319988,0.8028441291468,0.08422851048317057,0.9157714903168295,0.0303413260499434,0.3740722367085187,0.5955864383415379,0.05007182852369135,0.9499281711763087,0.03659098880488395,0.9634090108551161,0,1,1,2,1,1
id06,2024-08-24,2024-08-23,0,1,1,2,1,1,0.5152362965423503,0.4847637034576497,0.1735973846035051,0.8264026153964948,0.0659368492936218,0.934063150706378,0.0476957838728312,0.9523042161271688,0.0466032657698473,0.9533967342301528,0.0240870568270635,0.4573856433246585,0.518527299848278,0.5245535718881152,0.47544642811188476,0.1580946467431546,0.8419053538568454,0.06098521866425962,0.9390147816357403,0.02236110237435715,0.43890064899219267,0.5387382498634502,0.04383864528554808,0.9561613545144518,0.04253690544286257,0.9574630948071375,0,1,1,2,1,1
id06,2024-08-25,2024-08-24,0,1,1,1,1,1,0.6025571689317433,0.3974428310682567,0.3720299812029721,0.6279700187970279,0.3604231310984205,0.6395768689015795,0.0356917234309451,0.9643082765690548,0.0602194050007518,0.9397805949992482,0.0247575645898312,0.7617671498670864,0.2134752855430824,0.6209502120385689,0.37904978696143105,0.3547556830826749,0.6452443169173252,0.3632657919885785,0.6367342080114216,0.023058428990848083,0.7738573648803777,0.20308419698877417,0.032712130427850594,0.9672878689121494,0.054738060750676616,0.9452619394993234,0,1,1,1,1,1
id07,2024-07-14,2024-07-13,1,0,1,1,1,1,0.2423059443290375,0.7576940556709625,0.533572928901632,0.466427071098368,0.3630763439874289,0.6369236560125711,0.3113883952639448,0.6886116047360552,0.4571454448098888,0.5428545551901112,0.4147879795118493,0.5270262083650202,0.0581858121231304,0.23818437189613376,0.7618156301038663,0.5538521660114688,0.4461478319885312,0.347766639588686,0.652233360411314,0.3959221865606644,0.5504042175285182,0.05367359431081736,0.30537902273755035,0.6946209742624497,0.46647996032889993,0.5335200396711001,1,0,1,1,1,1
id07,2024-07-15,2024-07-14,0,0,1,1,1,1,0.8853318659603377,0.1146681340396622,0.6627434382177543,0.3372565617822457,0.3715057620080479,0.628494237991952,0.3205871233491018,0.6794128766508982,0.2965512015211849,0.703448798478815,0.2650476669687751,0.7185783247939087,0.0163740082373161,0.894561109364304,0.10543889313569599,0.6709553143959789,0.32904468560402117,0.3578449288072431,0.6421550711927568,0.25095881127189756,0.7339410323145179,0.01510015371358449,0.30200087901419165,0.6979991189858085,0.27415319736906646,0.7258468026309335,0,0,1,1,1,1
id07,2024-07-16,2024-07-15,0,0,1,1,1,1,0.8066222438344398,0.1933777561655601,0.5076710457364846,0.4923289542635155,0.4617145399299371,0.5382854600700628,0.4579695098136878,0.5420304901863122,0.3314134556454495,0.6685865443545504,0.3685098564260038,0.6043168078155746,0.0271733357584214,0.8186114494509958,0.1813885485490041,0.5060118441628361,0.49398815583716393,0.4669914189369434,0.5330085780630566,0.35857814978340347,0.6163589670340172,0.02506287861257926,0.445030662832319,0.554969337167681,0.31357854708090455,0.6864214529190954,0,0,1,1,1,1
id07,2024-07-17,2024-07-16,0,0,1,1,1,1,0.6489390296276778,0.3510609703723222,0.7806961061300304,0.2193038938699696,0.4223775911887926,0.5776224088112074,0.0707816164377108,0.9292183835622893,0.479051987425995,0.520948012574005,0.1654034369452448,0.7355762514555424,0.0990203115992127,0.65513023666491,0.34486976633509,0.7775919455170274,0.22240805748297265,0.4103524190699134,0.5896475779300867,0.1532823514507203,0.7543659963099882,0.09235164203929143,0.06687455899393972,0.9331254412060603,0.4867830386833955,0.5132169613166045,0,0,1,1,1,1
id07,2024-07-18,2024-07-17,0,0,0,1,1,1,0.6800976628061001,0.3199023371938999,0.6916745753634497,0.3083254246365502,0.6293523862167818,0.3706476137832182,0.2392376336622109,0.760762366337789,0.4258253392086646,0.5741746607913354,0.1686313207261806,0.7351285138134471,0.0962401654603721,0.6854643365254901,0.3145356654745099,0.6920234778271048,0.3079765181728952,0.6277773475951036,0.3722226544048964,0.15656232665356254,0.7550711424321025,0.08836652961433489,0.23002322329598981,0.7699767767040101,0.41415814928779815,0.5858418507122019,0,0,0,1,1,1
id07,2024-07-19,2024-07-18,0,0,1,1,1,1,0.508378454692454,0.491621545307546,0.6088364800380595,0.3911635199619406,0.3367742013833825,0.6632257986166175,0.1238314023400362,0.8761685976599638,0.2582143453269545,0.7417856546730455,0.0644525481211257,0.8925492358916631,0.0429982159872109,0.4988920052232086,0.5011079947767915,0.6108610520342534,0.3891389449657465,0.33027189124504425,0.6697281087549558,0.06078050000901314,0.8993451883024968,0.03987431768848981,0.11613778270603257,0.8838622178939675,0.25657255379425903,0.743427446205741,1,0,1,1,1,1
id07,2024-07-20,2024-07-19,0,0,0,1,1,1,0.7011960750973516,0.2988039249026484,0.8279957058533433,0.1720042941466567,0.5468636302138885,0.4531363697861115,0.2895806301711512,0.7104193698288488,0.2261791447514595,0.7738208552485405,0.1433818401674988,0.8030578681313227,0.0535602917011784,0.6889863615876165,0.3110136384123836,0.835118395268009,0.16488160673199104,0.5353314771924996,0.4646685228075004,0.1380670471507489,0.8115660413181904,0.05036691353106056,0.2767459571540361,0.723254042845964,0.21203156287631356,0.7879684397236865,0,0,0,1,1,1
id07,2024-07-21,2024-07-20,0,0,1,1,1,1,0.7397973816028537,0.2602026183971463,0.6646475378921587,0.3353524621078413,0.3895458746179847,0.6104541253820153,0.3232418344364076,0.6767581655635924,0.2876907002985304,0.7123092997014696,0.2715699140145378,0.7058855574789663,0.0225445285064959,0.7538450534425684,0.24615494705743168,0.6828355771029428,0.3171644238970572,0.3787719341561862,0.6212280658438137,0.257865689613084,0.7212301987310697,0.02090411120584631,0.31012608199276687,0.6898739190072332,0.2827652282686774,0.7172347697313227,0,0,1,1,1,1
id07,2024-07-22,2024-07-21,0,0,1,1,1,1,0.5236013080510316,0.4763986919489684,0.7070120347974311,0.2929879652025689,0.4629288926789144,0.5370711073210855,0.0942931821110975,0.9057068178889024,0.3614244211443335,0.6385755788556665,0.1052904653231838,0.6048186212407283,0.2898909134360879,0.5318404472459284,0.4681595577540716,0.7050664113176881,0.294933592682312,0.43721193841102296,0.562788061588977,0.10147226919086541,0.6015471921166555,0.2969805370924791,0.08667160129998774,0.9133283961000122,0.36613330402990013,0.6338666959700998,0,0,1,1,1,1
id07,2024-07-23,2024-07-22,1,0,1,1,1,1,0.1702430197025288,0.8297569802974711,0.5771387707054272,0.4228612292945728,0.4435818079132771,0.5564181920867228,0.132225875215949,0.8677741247840509,0.3512758085481665,0.6487241914518335,0.1478213100512346,0.6403149455963038,0.2118637443524615,0.15801783343227593,0.841982166267724,0.5708774586348845,0.42912253836511555,0.4572062071219494,0.5427937908780506,0.13753677754611116,0.6672206210366735,0.19524260391721535,0.1289754966943541,0.8710245023056458,0.3358253416933498,0.6641746583066501,1,0,1,1,1,1
id07,2024-07-24,2024-07-23,0,0,1,1,1,1,0.6915960560302581,0.3084039439697418,0.5679250079013132,0.4320749920986869,0.303269321286848,0.696730678713152,0.289875609717433,0.710124390282567,0.3167789446237891,0.6832210553762109,0.111690327121783,0.8586282746506108,0.0296813982276063,0.6985185844272322,0.3014814185727676,0.5467595091111819,0.45324049288881824,0.31921556715816324,0.6807844308418367,0.10593964240960471,0.8664656471855497,0.027594708304845672,0.2747850327456897,0.7252149672543103,0.2974153401614102,0.7025846598385899,0,0,1,1,1,1
id07,2024-07-25,2024-07-24,0,0,0,1,1,1,0.5408828780448314,0.4591171219551686,0.5416351448911281,0.4583648551088718,0.6060897845136628,0.3939102154863372,0.306154394276428,0.693845605723572,0.4790635181397823,0.5209364818602177,0.1379876775579462,0.8170958594760226,0.044916462966031,0.5391475102403482,0.4608524957596517,0.5286470604020153,0.4713529395979847,0.6159503660622966,0.3840496389377035,0.12652292840215157,0.8324712735284203,0.0410058045194279,0.29827360284878524,0.7017263951512148,0.46318077632580407,0.536819223674196,0,0,0,1,1,1
id07,2024-07-26,2024-07-25,0,0,0,1,1,1,0.6061425702559712,0.3938574297440288,0.6470949500200305,0.3529050499799696,0.506661894504117,0.493338105495883,0.136508594168064,0.863491405831936,0.4957111635274692,0.5042888364725308,0.1628787373152609,0.7825455271042556,0.0545757355804834,0.6088315932303741,0.3911684037696259,0.6500202850180274,0.3499797089819726,0.5319437850537053,0.4680562189462947,0.1531702635837348,0.7964684143938301,0.05036132557243506,0.1364638837512576,0.8635361152487424,0.4964866841747223,0.5035133158252777,0,0,0,1,1,1
id07,2024-07-27,2024-07-26,0,0,1,1,1,1,0.7324555216624531,0.2675444783375469,0.6273152549661989,0.3726847450338011,0.4552454154894307,0.5447545845105692,0.1789089254514032,0.8210910745485968,0.3704929956722356,0.6295070043277644,0.1355147574765867,0.834599543219119,0.0298856993042941,0.7406620294962079,0.25933796950379223,0.630303799469579,0.369696198530421,0.4614696739404876,0.5385303260595123,0.12469248192892804,0.8480709188972071,0.027236596873864687,0.17265654890626286,0.8273434510937371,0.36084331310501205,0.639156683894988,0,0,1,1,1,1
id07,2024-07-28,2024-07-27,0,0,1,1,1,1,0.9337937023515898,0.0662062976484102,0.6479517646954887,0.3520482353045113,0.304652643629387,0.695347356370613,0.2840997364223977,0.7159002635776023,0.3584293080689116,0.6415706919310884,0.1726186859163095,0.8143702746691033,0.0130110394145871,0.9384159371164308,0.06158406538356918,0.6459129482259398,0.35408704877406016,0.2829918492664483,0.7170081507335517,0.16177224632467854,0.826217127202193,0.01201063392312839,0.26824560678015796,0.731754393219842,0.33853089426202043,0.6614691057379796,0,0,1,1,1,1
id07,2024-08-15,2024-08-14,0,0,0,1,0,1,0.7255451839182359,0.2744548160817642,0.7842083466336005,0.2157916533663994,0.5993154300243794,0.4006845699756206,0.7426036094219468,0.2573963905780531,0.0839409708896165,0.9160590291103836,0.2044990725249655,0.756168644647022,0.0393322828280122,0.7487290755264122,0.25127092427358777,0.7939249359702405,0.20607506302975948,0.5789821200219414,0.42101788297805853,0.20030797727246896,0.7633132941823199,0.03637871814521098,0.7426727184797521,0.2573272795202478,0.08166515950065485,0.9183348401993453,0,0,0,1,0,1
id07,2024-08-16,2024-08-15,1,0,0,1,0,1,0.1249784522820316,0.8750215477179684,0.6646586370746759,0.3353413629253241,0.6122987190763292,0.3877012809236709,0.5114498829650052,0.4885501170349948,0.1693613330691659,0.8306386669308341,0.1955013946765949,0.624298032837158,0.180200572486247,0.12365017205382844,0.8763498279461716,0.6564993133672083,0.34350069063279176,0.6041117771686964,0.3958882228313038,0.1810812299089354,0.6486161855534422,0.17030258423762232,0.5029314426685046,0.4970685553314953,0.1599779907622493,0.8400220102377507,1,0,0,1,0,1
id07,2024-08-17,2024-08-16,0,0,1,0,0,1,0.6789011260977533,0.3210988739022467,0.6676238477319814,0.3323761522680186,0.481114721058568,0.518885278941432,0.6883236821475811,0.3116763178524189,0.1536723198714478,0.8463276801285522,0.5226919998189495,0.4554788473941732,0.0218291527868773,0.697381063487978,0.30261893251202204,0.6845792729587833,0.3154207230412167,0.4757514789527112,0.5242485210472888,0.5345439398370546,0.4454209026547559,0.02003515778818957,0.699978623932823,0.30002137506717697,0.14478109688430305,0.855218902115697,0,0,1,0,0,1
id07,2024-08-18,2024-08-17,0,1,1,0,0,1,0.8124723953111339,0.1875276046888661,0.2291920190628407,0.7708079809371593,0.1165832733766943,0.8834167266233056,0.7137112864413404,0.2862887135586596,0.0495644947895099,0.95043550521049,0.6204608591300016,0.3598115555596136,0.0197275853103847,0.8244118957800206,0.17558810361997948,0.22916190715655663,0.7708380928434434,0.10695121193902488,0.8930487879609751,0.6311810432170015,0.3504885500036522,0.01833040727934623,0.7229515877972065,0.27704840720279367,0.04521426031055891,0.954785739689441,0,1,1,0,0,1
id07,2024-08-20,2024-08-19,0,0,1,1,0,1,0.5348555007993965,0.4651444992006035,0.6739195231806071,0.3260804768193929,0.3160526701955021,0.6839473298044979,0.5264906660682187,0.4735093339317813,0.0587587521084734,0.9412412478915264,0.207375541910105,0.7651068373842688,0.0275176207056262,0.5613987307194568,0.4386012712805432,0.6862370058625464,0.3137629921374536,0.3389161431759519,0.6610838548240482,0.1960151337190945,0.778727633645842,0.02525723969506358,0.5148185994613969,0.48518140053860315,0.05394172359762606,0.9460582761023737,0,0,1,1,0,1
id07,2024-08-21,2024-08-20,1,0,1,1,1,1,0.4165788580651549,0.5834211419348451,0.5609970883282268,0.4390029116717732,0.3870540528646125,0.6129459471353875,0.4793283567016128,0.5206716432983872,0.1188201033696993,0.8811798966303006,0.4200996803098191,0.5136174687591312,0.0662828509310497,0.4282543022586394,0.5717456947413606,0.5631359494954041,0.43686404850459587,0.37607238357815126,0.6239276164218488,0.3972206692788372,0.541609006883218,0.061170325537944735,0.47194184303145154,0.5280581589685485,0.11111133603272938,0.8888886639672705,1,0,1,1,1,1
id07,2024-08-23,2024-08-22,1,0,1,1,0,1,0.3243442872911036,0.6756557127088963,0.6797583050068206,0.3202416949931794,0.2578004085077199,0.7421995914922801,0.5389802974237624,0.4610197025762376,0.0746082340362417,0.9253917659637584,0.227771300488233,0.7391369022816917,0.0330917972300753,0.34921139156199327,0.6507886114380068,0.6775658085061386,0.32243418849386146,0.24480798365694792,0.7551920163430521,0.2123985504394097,0.7569613320535226,0.03064010750706777,0.5500124446813862,0.44998755531861384,0.07036578723261754,0.9296342123673826,1,0,1,1,0,1
id07,2024-08-25,2024-08-24,1,1,1,0,0,1,0.4989643885644597,0.5010356114355403,0.1062996558481276,0.8937003441518724,0.061894538543795,0.938105461456205,0.5185904706754584,0.4814095293245416,0.0794618230885969,0.920538176911403,0.5802915251007665,0.3956068963715612,0.0241015785276722,0.5069630857080137,0.4930369172919863,0.10229745826331485,0.8977025397366851,0.0566654883894155,0.9433345113105845,0.5610197655906899,0.41650822273440513,0.022472004404904978,0.4913360956079125,0.5086639063920875,0.0724073739797372,0.9275926262202627,0,1,1,0,1,1
id07,2024-08-26,2024-08-25,1,1,1,1,1,1,0.3428022636512428,0.6571977363487572,0.110062845183423,0.889937154816577,0.057405150745403,0.9425948492545968,0.4716103822272999,0.5283896177727001,0.0646875190842961,0.9353124809157038,0.4029541708258444,0.4132333444782865,0.183812484695869,0.32465377228611847,0.6753462277138815,0.1028416999650807,0.8971582993349193,0.0530803353708627,0.9469196643291371,0.38634507174325994,0.4384061700304579,0.1752487622262821,0.4429596080045699,0.5570403919954301,0.059404083025866486,0.9405959168241336,1,1,1,1,1,1
id07,2024-08-27,2024-08-26,1,0,0,1,1,1,0.3644208070973901,0.6355791929026099,0.7613215217933003,0.2386784782066997,0.5483808291921344,0.4516191708078655,0.3200647889911144,0.6799352110088855,0.0851796299044505,0.9148203700955496,0.1354341741225545,0.789262880109845,0.0753029457676004,0.35389127338765114,0.6461087236123488,0.7652065496139703,0.23479345138602975,0.5668704302729209,0.433129566727079,0.12436361501029906,0.8067693020988606,0.06886708209084036,0.30137203909200294,0.698627959907997,0.07947701491400544,0.9205229830859947,1,0,0,1,1,1
id07,2024-08-28,2024-08-27,1,0,0,1,1,1,0.263963678061958,0.736036321938042,0.8036064779014741,0.1963935220985259,0.5837167255382598,0.4162832744617402,0.4529340359029182,0.5470659640970817,0.1601630006832314,0.8398369993167686,0.1327457661123443,0.7078847811868869,0.1593694527007688,0.25005419725576217,0.7499458027442378,0.8070840201113267,0.19291597988867332,0.5781211529844339,0.42187884701556616,0.12222058000110987,0.7307074600681982,0.14707196403069192,0.44885480631262636,0.5511451936873736,0.15256546961490824,0.8474345293850918,1,0,0,1,1,1
id07,2024-08-29,2024-08-28,1,0,0,0,0,1,0.4785689179786234,0.5214310820213766,0.8086427803627838,0.1913572196372161,0.5911617474353263,0.4088382525646737,0.6423705500740282,0.3576294499259718,0.1198061698120201,0.8801938301879798,0.5172655217915283,0.4311090531450025,0.0516254250634692,0.476241511180761,0.5237584888192389,0.8195305323265054,0.1804694696734945,0.6031740026917938,0.39682599930820633,0.5145213796123754,0.43571812983050223,0.049760490557122276,0.6524406210666254,0.3475593789333746,0.1172364108308181,0.8827635871691819,1,0,0,0,0,1
id07,2024-08-30,2024-08-29,1,0,1,1,0,1,0.3906340746716217,0.6093659253283783,0.6613528583262986,0.3386471416737013,0.309938361800843,0.690061638199157,0.6008778467781675,0.3991221532218325,0.0850132153754367,0.9149867846245632,0.2958600318489328,0.6584763520522621,0.0456636160988052,0.38343740720445957,0.6165625927955405,0.6803779474936689,0.31962204950633116,0.29607867962075873,0.7039213203792414,0.2824830986640395,0.6751656168470359,0.04235128108892468,0.5988698051003507,0.4011301918996492,0.08170901353789303,0.9182909861621069,1,0,1,1,0,1
id07,2024-09-01,2024-08-31,0,1,1,1,1,1,0.5542718303020002,0.4457281696979998,0.1373620026132045,0.8626379973867955,0.1079811508604831,0.8920188491395169,0.4056316766966183,0.5943683233033816,0.043887757387421,0.956112242612579,0.3600034262552321,0.5148675773583677,0.1251289963864001,0.5574404532718003,0.4425595467281998,0.12882059735188406,0.871179402648116,0.0994603742744348,0.9005396242255652,0.3594833896297089,0.5210231066225309,0.11949350274776009,0.3889347210269565,0.6110652809730435,0.040347173648678895,0.959652828351321,0,1,1,1,1,1
id07,2024-09-02,2024-09-01,0,1,1,1,1,1,0.6585294350402753,0.3414705649597248,0.4658920846129492,0.5341079153870508,0.341228559987479,0.658771440012521,0.2170282721156866,0.7829717278843134,0.2318325877147736,0.7681674122852263,0.2484967188132852,0.5589529473105369,0.1925503338761778,0.6788942615362478,0.32110573746375226,0.4833419861516543,0.5166580138483458,0.33202765798873113,0.6679723420112689,0.22742645233195666,0.5859887525794832,0.18658479248856003,0.20667936090411793,0.793320639095882,0.21272477264329623,0.7872752270567037,0,1,1,1,1,1
id08,2024-08-01,2024-07-31,0,1,0,0,1,1,0.6756987886590411,0.3243012113409588,0.3209631049606182,0.6790368950393818,0.7215227573591294,0.2784772426408706,0.4554452143095535,0.5445547856904465,0.4745093929580097,0.5254906070419902,0.882316361745099,0.0811280456578296,0.0365555925970713,0.6917579297931371,0.3082420722068629,0.31737205446455635,0.6826279455354436,0.7473077856232165,0.25269221627678357,0.8904818955705891,0.07533013209204664,0.034187971837364176,0.44504356287859814,0.5549564371214019,0.47310691566220875,0.5268930863377912,0,1,0,0,1,1
id08,2024-08-03,2024-08-02,1,1,0,2,0,1,0.2862204433509081,0.7137795566490919,0.4327702347900974,0.5672297652099025,0.7461556277600316,0.2538443722399684,0.5404381486061738,0.4595618513938262,0.1697794280589251,0.8302205719410749,0.1459396467203007,0.3328189308849678,0.5212414223947316,0.2706906070158173,0.7293093909841828,0.45606987731108767,0.5439301226889123,0.7677803549840285,0.2322196492159716,0.14117306044827063,0.320962523796471,0.5378644131552585,0.5700600387455564,0.42993996425444364,0.17336486725303257,0.8266351347469674,1,1,0,2,0,1
id08,2024-08-06,2024-08-05,1,1,0,2,1,1,0.27637975061426,0.72362024938574,0.4068175258974497,0.5931824741025503,0.896948818154831,0.103051181845169,0.4396371797934232,0.5603628202065768,0.2627560683832652,0.7372439316167347,0.0847425870302255,0.223829870477083,0.6914275424926914,0.258297616052834,0.741702384447166,0.40838728830770477,0.5916127116922952,0.9043830663393478,0.0956169362606521,0.07841459562720296,0.2080923878293747,0.7134930182434224,0.4104849538140809,0.589515048185919,0.2517094845449387,0.7482905184550612,1,1,0,2,1,1
id08,2024-08-07,2024-08-06,0,1,0,0,0,1,0.5904114610697085,0.4095885389302914,0.2459369852433646,0.7540630147566354,0.8100888092185085,0.1899111907814915,0.7085515428272868,0.2914484571727132,0.2275624430054542,0.7724375569945457,0.7613446538765609,0.1500330498515765,0.0886222962718626,0.5925622199627377,0.4074377830372623,0.25201469271902815,0.7479853072809719,0.8240308482966576,0.17596915170334235,0.7732587484889049,0.14073040056641886,0.08601085364467634,0.7132009085445581,0.2867990924554419,0.2380857367049088,0.7619142612950912,0,1,0,0,0,1
id08,2024-08-08,2024-08-07,0,1,0,0,0,1,0.5637103116950039,0.4362896883049961,0.446001516903754,0.553998483096246,0.9022834027562276,0.0977165972437723,0.7153240643661927,0.2846759356338074,0.2694302360624605,0.7305697639375395,0.5786777714780926,0.2828063841217035,0.1385158444002038,0.5660968705255035,0.4339031254744965,0.4426816652133786,0.5573183347866214,0.9096120124806049,0.09038799011939506,0.6029118643302834,0.2682874867095332,0.12880065316018344,0.6937741459295734,0.30622585207042663,0.2568350694562145,0.7431649275437855,0,1,0,0,0,1
id08,2024-08-09,2024-08-08,0,1,0,0,0,1,0.6634298214252916,0.3365701785747083,0.4733321284483879,0.5266678715516121,0.8819394775260472,0.1180605224739528,0.72369245527524,0.2763075447247601,0.2742969242432356,0.7257030757567644,0.739272373545526,0.1861289955859957,0.0745986308684781,0.6558916252827625,0.34410837071723743,0.4800176856035491,0.5199823143964509,0.8875541897734425,0.11244580822655752,0.7553369321909735,0.17541644062739611,0.06924662348163028,0.731876943747716,0.2681230562522841,0.26641796081891206,0.733582038181088,0,1,0,0,0,1
id08,2024-08-10,2024-08-09,1,1,0,2,1,1,0.4920020587323424,0.5079979412676576,0.3649674001095903,0.6350325998904097,0.8647926695027965,0.1352073304972035,0.2525594031577134,0.7474405968422866,0.2287256225417423,0.7712743774582577,0.1711025412042251,0.3241674155087193,0.5047300432870555,0.4982721628591082,0.5017278351408918,0.36712553009863125,0.6328744699013688,0.876330558552517,0.12366944114748314,0.1638709320838026,0.3067218939578474,0.5294071689583499,0.2353591018419421,0.764640897158058,0.21499277128756808,0.785007229712432,1,1,0,2,1,1
id08,2024-08-11,2024-08-10,0,1,0,0,1,1,0.9302188763665644,0.0697811236334356,0.1214085346596121,0.8785914653403879,0.5462494348725453,0.4537505651274547,0.2081188178632623,0.7918811821367376,0.1294413074734988,0.8705586925265012,0.7203383668088829,0.2158398803500114,0.0638217528411056,0.935258073729908,0.06474192927009204,0.11152955819365089,0.8884704388063491,0.5635717313852908,0.43642826461470924,0.7434640961279946,0.19800969631501025,0.05852621365699504,0.20280819107693607,0.7971918089230638,0.11870269762614892,0.8812973032738511,0,1,0,0,1,1
id08,2024-08-13,2024-08-12,0,1,0,0,0,1,0.687202580983385,0.3127974190166149,0.4911277676727718,0.5088722323272282,0.7467736247010998,0.2532263752989002,0.6217142572298915,0.3782857427701085,0.2052216139509627,0.7947783860490373,0.6957657009536685,0.219847343344702,0.0843869557016294,0.6985501228850466,0.3014498771149534,0.5054047569054946,0.4945952460945054,0.7657206452309898,0.23427935576901018,0.7131267308583016,0.20915385661023178,0.07771941383146645,0.6183359515069023,0.38166404649309765,0.1927114075558664,0.8072885924441335,0,0,0,0,0,1
id08,2024-08-14,2024-08-13,0,1,0,0,0,1,0.7996012807738211,0.2003987192261789,0.2096781450888056,0.7903218549111943,0.7558385150011676,0.2441614849988324,0.578215765079643,0.421784234920357,0.2186736872430253,0.7813263127569746,0.7340353779130907,0.1841377483310344,0.0818268737558747,0.809843612696439,0.19015638230356102,0.20275861457992506,0.7972413854200748,0.7742635935010509,0.22573641049894916,0.7516601851217817,0.17308801149793096,0.07525179968028724,0.5695551685716788,0.4304448314283213,0.20312992451872278,0.7968700754812772,0,1,0,0,0,1
id08,2024-09-05,2024-09-04,0,1,0,0,0,1,0.8727140225326587,0.1272859774673413,0.0828381187209186,0.9171618812790814,0.6849427926204165,0.3150572073795835,0.5194377255613718,0.4805622744386282,0.3932029548951571,0.6067970451048429,0.6984852284855073,0.2514112929753935,0.0501034785390991,0.8805309052793928,0.11946909172060717,0.07744467314882675,0.9225553271511733,0.6981088033583748,0.30189119664162517,0.7119390606369567,0.24181397467785415,0.04624696358518919,0.5179979930052346,0.4820020069947654,0.3693765944056414,0.6306234055943586,0,1,0,0,0,1
id08,2024-09-07,2024-09-06,0,1,0,0,1,1,0.8009085072982114,0.1990914927017886,0.1732827893073661,0.8267172106926338,0.8278800614873825,0.1721199385126174,0.4122370783572447,0.5877629216427552,0.2807981126352551,0.7192018873647449,0.7145951296055569,0.2109186729607708,0.0744861974336723,0.8122195765683903,0.18778041743160975,0.1658398093766295,0.8341601896233705,0.8415495753386442,0.15845042766135567,0.7318637526450014,0.19967931166469374,0.06845693059030507,0.39382038452152024,0.6061796154784798,0.2623856323717296,0.7376143686282705,0,1,0,0,1,1
id08,2024-09-09,2024-09-08,1,1,0,1,0,0,0.4474948095459612,0.5525051904540388,0.1542574188704136,0.8457425811295863,0.5219229278643751,0.4780770721356249,0.7381840692531958,0.2618159307468042,0.5660067397011264,0.4339932602988737,0.156935923940987,0.6296107601842299,0.213453315874783,0.4612459935913651,0.5387540064086349,0.14174758988337227,0.8582524130166278,0.5061465150779376,0.49385348492206244,0.1534892355468883,0.6381697841658069,0.20834097728730472,0.7481944923278762,0.2518055056721238,0.5639742017310138,0.4360257942689863,1,1,0,1,0,0
id08,2024-09-10,2024-09-09,0,1,0,0,0,1,0.8337182258237594,0.1662817741762405,0.1198585506592808,0.8801414493407191,0.9055736585329234,0.0944263414670766,0.6657025902723193,0.3342974097276807,0.2637847123994026,0.7362152876005974,0.7046431201859529,0.2465661334828268,0.0487907463312203,0.8415547432413835,0.15844526025861644,0.11315788119335274,0.8868421184066473,0.9134048576796311,0.08659514572036894,0.7181931481673576,0.23621740513454412,0.04558945319809827,0.6588952712450874,0.34110472575491263,0.25331057215946234,0.7466894288405377,0,1,0,0,0,1
id08,2024-09-11,2024-09-10,0,1,0,0,1,1,0.8639361654014157,0.1360638345985842,0.1923970640149068,0.8076029359850931,0.8623367124297566,0.1376632875702434,0.4524621860434624,0.5475378139565376,0.3553697144355349,0.6446302855644651,0.6358364832882205,0.2211124516046674,0.143051065107112,0.8705844288612742,0.1294155741387258,0.18420162761341613,0.8157983723865838,0.873510261186781,0.12648973781321907,0.6636636509593985,0.20442991884420067,0.13190642859640078,0.42254989443911617,0.5774501055608838,0.3381994309919814,0.6618005670080187,0,1,0,0,1,1
id08,2024-09-14,2024-09-13,1,1,0,1,1,1,0.4291208777117911,0.5708791222882089,0.1076939415157836,0.8923060584842164,0.7256807034754225,0.2743192965245775,0.4025332115001715,0.5974667884998285,0.1508112210775603,0.8491887789224397,0.2687622214375523,0.4313116516586508,0.2999261269037968,0.395308773940612,0.604691226059388,0.10279473466420523,0.8972052626357948,0.7287109091278803,0.27128908787211975,0.26222150929379706,0.45117847649278575,0.2866000102134171,0.4077210883501544,0.5922789096498456,0.14630398096980426,0.8536960210301958,1,1,0,1,1,1
id08,2024-09-15,2024-09-14,0,1,0,1,0,0,0.749183421932557,0.250816578067443,0.0778978944215825,0.9221021055784174,0.6615740740372931,0.3384259259627069,0.7706375613881317,0.2293624386118683,0.6088967473960869,0.3911032526039131,0.364402746045433,0.3809305824710849,0.2546666714834821,0.7521920437393014,0.2478079552606987,0.07514215827942425,0.9248578420205757,0.6674497916335638,0.3325502083664362,0.3812360184408897,0.37307934722397645,0.2456846273351339,0.7818031512493185,0.21819684875068146,0.5995768686564782,0.4004231343435218,0,1,0,0,0,0
id08,2024-09-18,2024-09-17,0,1,0,0,0,1,0.5382454396919178,0.4617545603080822,0.2118365098176028,0.7881634901823972,0.7621941496313898,0.2378058503686103,0.6584885040632893,0.3415114959367106,0.1579190161307551,0.8420809838692449,0.5855420537771345,0.3337374003094145,0.0807205459134509,0.543245195722726,0.456754804277274,0.2040129898358425,0.7959870111641574,0.7773485946682508,0.22265140533174926,0.5723414583994212,0.35286639027847305,0.07479214942210581,0.6820144286569604,0.31798557094303953,0.1554967285176796,0.8445032714823204,0,1,0,0,0,1
id08,2024-09-20,2024-09-19,0,1,0,0,1,1,0.5279446125454204,0.4720553874545796,0.1425203415631334,0.8574796584368666,0.8361966531594618,0.1638033468405381,0.4821630589829425,0.5178369410170575,0.1681283207718501,0.8318716792281499,0.5879764732110201,0.2898324063551863,0.1221911204337936,0.5387471452908783,0.46125285470912164,0.13599432700682004,0.86400567259318,0.8496400378435157,0.1503599572564843,0.603091395889918,0.2839181567196677,0.11299044289041424,0.5026894570846483,0.4973105429153517,0.1588059030946651,0.8411940973053349,0,1,0,0,0,1
id09,2024-08-06,2024-08-05,0,0,0,0,1,1,0.9139452012475971,0.0860547987524028,0.5670541262964401,0.4329458737035598,0.6670195820157727,0.3329804179842273,0.2409291036462353,0.7590708963537647,0.455941315723135,0.544058684276865,0.8054516593140546,0.1537780839991965,0.0407702566867488,0.9209739311228374,0.07902606997716251,0.5799631236667961,0.42003687633320386,0.6820825778141955,0.31791742018580454,0.8173725233826491,0.14494684259927687,0.03768062841807392,0.23128431728161178,0.7687156827183883,0.4724449001508215,0.5275550958491785,0,0,0,0,1,1
id09,2024-08-07,2024-08-06,1,0,0,0,1,1,0.472460736061368,0.5275392639386319,0.8673249464636559,0.1326750535363441,0.6836615065327896,0.3163384934672104,0.070501909044508,0.929498090955492,0.4327649478372435,0.5672350521627565,0.4173428532420319,0.3276214927141167,0.2550356540438515,0.4756685164552312,0.5243314805447687,0.8743995818172903,0.12560041518270967,0.6730651788795107,0.32693482412048935,0.4240817559178287,0.31145224944270505,0.26446599263946635,0.0651690352400572,0.9348309618599429,0.41869128305351916,0.5813087169464808,1,0,0,0,1,1
id09,2024-08-08,2024-08-07,0,0,0,0,1,1,0.9100736156984164,0.0899263843015836,0.6312146648174102,0.3687853351825899,0.798017611016515,0.2019823889834849,0.1457457947647447,0.8542542052352553,0.4780413133500998,0.5219586866499002,0.7749028809295382,0.1617727427619059,0.0633243763085557,0.9172767081285749,0.08272329077142523,0.6527104883356691,0.3472895116643309,0.8056307939148636,0.1943692030851364,0.7848517188365844,0.15532210448571532,0.05982617627770013,0.14168153478827022,0.8583184647117298,0.4677414970150898,0.5322585029849102,0,0,0,0,1,1
id09,2024-08-09,2024-08-08,0,0,0,0,1,0,0.8005362792381974,0.1994637207618026,0.5269890701627999,0.4730109298372,0.8014669043611296,0.1985330956388704,0.1461797824999334,0.8538202175000665,0.5986406831708928,0.4013593168291072,0.5055754318914252,0.4076420051753003,0.0867825629332744,0.8133663273143776,0.18663367468562236,0.5352442331465199,0.46475576985348,0.8093264539250167,0.19067354407498335,0.5118846887022827,0.40537640465777025,0.08273890303994695,0.13712204124994007,0.8628779557500599,0.6051848798538035,0.3948151231461965,0,0,0,0,1,0
id09,2024-08-10,2024-08-09,1,1,0,1,1,1,0.3050827350284635,0.6949172649715365,0.3505183989664885,0.6494816010335115,0.6902940393956989,0.3097059606043011,0.1873066416250163,0.8126933583749837,0.4494180710700987,0.5505819289299013,0.2812938457372248,0.4203544096368775,0.2983517446258977,0.28715864752561715,0.7128413524743828,0.34800993206983966,0.6519900679301603,0.697279975456129,0.302720021543871,0.28141548316350234,0.41476138867318973,0.30382312516330795,0.1736007920625147,0.8263992075374853,0.46544605796308886,0.5345539460369112,1,1,0,1,1,1
id09,2024-08-11,2024-08-10,1,0,0,1,1,1,0.1601149750822251,0.8398850249177748,0.6768665537551184,0.3231334462448815,0.6767648454259333,0.3232351545740667,0.0534850786693476,0.9465149213306524,0.0957058303308555,0.9042941696691444,0.1244542727642232,0.5346123711276168,0.3409333561081599,0.1489493947740026,0.8510506024259974,0.6843747783796066,0.31562522262039333,0.6934943308833399,0.30650566511666005,0.12200514848780088,0.5525694640148552,0.3254253964973439,0.04897856990241284,0.9510214291975871,0.08756814889776995,0.91243185270223,1,0,0,1,1,1
id09,2024-08-12,2024-08-11,1,0,0,0,1,1,0.219357397119426,0.780642602880574,0.5091045908330145,0.4908954091669855,0.7201716972787128,0.2798283027212872,0.0609316583165706,0.9390683416834292,0.1223997698522989,0.877600230147701,0.4182501720712717,0.3669583658843548,0.2147914620443734,0.2167441544074834,0.7832558455925166,0.526088571749713,0.4739114282502869,0.7277934275508415,0.2722065744491585,0.42024472486414455,0.37267325429591935,0.20708201883993607,0.05563740338491354,0.9443625975150863,0.11305130356706902,0.886948697132931,1,0,0,0,1,1
id09,2024-08-13,2024-08-12,0,0,0,1,1,1,0.5816741889013438,0.4183258110986562,0.7001325091831703,0.2998674908168297,0.7702143489125542,0.2297856510874457,0.0504301042202642,0.9495698957797356,0.2653742919547986,0.7346257080452013,0.3869380355229123,0.3914308176726371,0.2216311468044504,0.5694995080112095,0.4305004899887906,0.6834460082648532,0.31655399473514667,0.7789620240212988,0.22103797497870112,0.37628866397062105,0.41671298590537337,0.20699835012400536,0.04599899509823778,0.9540010062017621,0.24943108175931877,0.7505689172406812,0,0,0,1,1,1
id09,2024-08-14,2024-08-13,0,0,0,0,1,1,0.6566770347901096,0.3433229652098903,0.7887427254018294,0.2112572745981706,0.691234234824551,0.3087657651754489,0.0481943811494136,0.9518056188505865,0.1937130564509814,0.8062869435490185,0.3965515303731306,0.3762306195033366,0.2272178501235328,0.6606775473110986,0.33932245268890127,0.7982823528616465,0.20171764613835352,0.688278327342096,0.311721672657904,0.4020305523358176,0.3720802075530029,0.2258892421111795,0.04409597446447224,0.9559040269655278,0.17598620120588326,0.8240137991941168,0,0,0,0,1,1
id09,2024-08-15,2024-08-14,1,0,0,1,1,1,0.4533944208587417,0.5466055791412583,0.7237958619180904,0.2762041380819096,0.858206942698267,0.1417930573017329,0.0543897460315331,0.9456102539684668,0.2670965961580928,0.7329034038419072,0.4378890282900701,0.4507268152955588,0.1113841564143709,0.45699747877286756,0.5430025212271324,0.7124639357262814,0.28753606027371864,0.8634081584284404,0.1365918445715596,0.4142090084610631,0.47808900376600294,0.10770198477293381,0.050283215378379785,0.9497167845716201,0.26028460054228353,0.7397153994577166,1,0,0,1,1,1
id09,2024-08-16,2024-08-15,1,0,0,1,1,0,0.3639506728379956,0.6360493271620044,0.5529876599075596,0.4470123400924404,0.8716326209882302,0.1283673790117697,0.0759901200241849,0.9240098799758152,0.5769549638644188,0.4230450361355812,0.3094335915472067,0.3482796639124599,0.3422867445403333,0.34815848155419604,0.651841518445804,0.5695925539168036,0.43040744608319637,0.8806123188894073,0.11938768451059273,0.313951929392486,0.3419052775212139,0.3441427900863,0.07165948702176642,0.9283405119782338,0.5540955804779769,0.4459044195220231,1,0,0,2,1,0
id09,2024-08-17,2024-08-16,0,1,0,0,1,1,0.5144845392942605,0.4855154607057395,0.4286628015189861,0.5713371984810138,0.7547594076295643,0.2452405923704357,0.0705576551139482,0.9294423448860516,0.2653327774349956,0.7346672225650044,0.4017963545901455,0.3531389712518394,0.245064674158015,0.4949073203648345,0.5050926796351656,0.44045984136708755,0.5595401606329125,0.7635088828666079,0.23649111713339213,0.400088984131131,0.36683350412665544,0.2330775137422135,0.06619668120255337,0.9338033203974465,0.2509100546914961,0.749089945308504,1,1,0,0,1,1
id09,2024-08-19,2024-08-18,1,0,0,1,1,1,0.1544616286451487,0.8455383713548512,0.6909510609867682,0.3090489390132317,0.6584624822981365,0.3415375177018634,0.0462520836139478,0.9537479163860522,0.1007033901586692,0.8992966098413308,0.1098753344902452,0.4829777699646835,0.4071468955450711,0.14300892338063384,0.856991074219366,0.7073062148880914,0.29269378211190855,0.6517975310683228,0.3482024659316771,0.10745200804122068,0.49631597596821514,0.39623201299056404,0.04217483865255302,0.957825161747447,0.09175603844280229,0.9082439588571978,1,0,0,1,1,1
id09,2024-08-21,2024-08-20,0,0,0,0,1,1,0.914835209066032,0.0851647909339681,0.7586951907412425,0.2413048092587575,0.8338412224275988,0.1661587775724011,0.0649187460888404,0.9350812539111596,0.2354528909501578,0.7645471090498421,0.6708840870183368,0.2703006312782648,0.0588152817033983,0.9168893351594288,0.08311066684057129,0.7655101046671182,0.23448989533288175,0.8425621371848391,0.157437861815161,0.6845386383165032,0.26084154615043836,0.054619818233058476,0.061327287179956363,0.9386727125200436,0.22801406385514203,0.7719859381448579,0,0,0,0,1,1
id09,2024-09-05,2024-09-04,1,1,1,1,0,0,0.1264206546797146,0.8735793453202854,0.2069014791569051,0.7930985208430948,0.0521673010804454,0.9478326989195546,0.5316397489609257,0.4683602510390743,0.7537952035970886,0.2462047964029113,0.137691244497168,0.7731093848986295,0.0891993706042023,0.11884429261174315,0.8811557077882568,0.19268367424121458,0.8073163257587853,0.04738910617240086,0.9526108940275992,0.1292118527474512,0.7880632714087665,0.08272488224378208,0.5356817340648332,0.46431826893516687,0.7586077732373798,0.24139222876262018,1,1,1,1,0,0
id09,2024-09-07,2024-09-06,1,1,1,1,1,0,0.1683076460941964,0.8316923539058035,0.0871071933479388,0.9128928066520612,0.1459404404865207,0.8540595595134792,0.4994760247271055,0.5005239752728945,0.58209207913216,0.41790792086784,0.1004973383445536,0.481942686077018,0.4175599755784283,0.15889137748477677,0.8411086225152232,0.08270175331314493,0.917298245986855,0.13556713843786863,0.8644328635621313,0.09737749251009824,0.4722549404693162,0.43036756802058546,0.490184244254395,0.5098157577456051,0.5933384612189441,0.406661543781056,1,1,1,1,1,0
id09,2024-09-08,2024-09-07,1,1,1,0,0,0,0.1365306677692241,0.8634693322307758,0.165394726314503,0.834605273685497,0.1001189023954108,0.8998810976045891,0.7632571832587487,0.2367428167412513,0.7832215275223195,0.2167784724776805,0.4849852989286681,0.3931860531498197,0.1218286479215122,0.12919259399230168,0.8708074090076983,0.1543478991830527,0.8456521003169473,0.09194691215586973,0.9080530878441302,0.5005821090358014,0.38672552783483777,0.11269236222936098,0.7732120349328738,0.22678796106712618,0.7896320047700875,0.21036799422991245,1,1,1,0,0,0
id09,2024-09-09,2024-09-08,1,1,1,0,0,0,0.3691093800190643,0.6308906199809357,0.1236470139347891,0.8763529860652108,0.0859585360448796,0.9140414639551204,0.7765191711357776,0.2234808288642223,0.748579570823712,0.251420429176288,0.689003220770165,0.2205392749089471,0.0904575043208878,0.3622324240171579,0.6377675779828421,0.11666011184131019,0.8833398874586897,0.08000621404039164,0.9199937875596085,0.7129909686931485,0.20358964961805237,0.08341939158879902,0.7941612640221999,0.20583873597780006,0.7671420897413408,0.2328579092586592,1,1,1,0,0,0
id09,2024-09-10,2024-09-09,1,1,1,1,0,1,0.3386118405492924,0.6613881594507076,0.1243297246456237,0.8756702753543762,0.0636515210228124,0.9363484789771876,0.584981092838992,0.415018907161008,0.466727535043318,0.533272464956682,0.228030213339125,0.6193329812947086,0.1526368053661664,0.3345706764943632,0.6654293235056369,0.11645666848106133,0.8835433318189386,0.059479223820531155,0.9405207760794689,0.2251788930052125,0.6230149791652378,0.15180612482954975,0.5598213815550929,0.4401786164449072,0.4816551415389862,0.5183448614610139,1,1,1,1,0,1
id09,2024-09-11,2024-09-10,1,1,1,1,1,0,0.3427914018247284,0.6572085981752716,0.1175395390543451,0.8824604609456549,0.0856270081699371,0.9143729918300628,0.4993723776486005,0.5006276223513995,0.5421327267153133,0.4578672732846867,0.2170692373975523,0.62203809163136,0.1608926709710876,0.33438948664225554,0.6656105133577443,0.1114179201489106,0.8885820798510895,0.08070401135294339,0.9192959886470566,0.20846701465779707,0.6340174024682241,0.15751558587397882,0.48364798588374047,0.5163520141162595,0.553277744043782,0.44672225895621803,1,1,1,1,1,0
id09,2024-09-13,2024-09-12,1,1,1,1,0,0,0.3284148078936737,0.6715851921063263,0.1176463110100934,0.8823536889899065,0.0972935676759217,0.9027064323240782,0.5881962146408393,0.4118037853591608,0.7177920395610907,0.2822079604389093,0.324380452048742,0.4610274970304716,0.2145920509207864,0.33443417310430634,0.6655658268956937,0.10961814010908406,0.8903818600909159,0.08915253760832954,0.9108474620916703,0.3193103588438678,0.4690134113274244,0.21167622582870776,0.5850754771767553,0.41492452282324477,0.7262723016049817,0.27372769939501834,1,1,1,1,0,0
id09,2024-09-14,2024-09-13,1,1,1,1,0,0,0.3927863122204043,0.6072136877795957,0.1641782836275996,0.8358217163724003,0.1479407812412121,0.8520592187587879,0.6162407094770432,0.3837592905229568,0.6467639014573019,0.3532360985426981,0.1470443674944612,0.7679371104627314,0.0850185220428074,0.3910446479983639,0.6089553520016362,0.15516056826483965,0.8448394317351603,0.1359400569170909,0.8640599428829092,0.1482243737450151,0.7646462444164583,0.08712937283852666,0.602588751529339,0.39741125147066114,0.6515368913115718,0.3484631116884283,1,1,1,1,0,0
id09,2024-09-16,2024-09-15,1,1,1,0,0,0,0.3006378644178279,0.6993621355821721,0.2604998949270104,0.7395001050729896,0.1384414556764372,0.8615585443235627,0.8357156931979273,0.1642843068020727,0.6729705427782615,0.3270294572217385,0.7350661242910874,0.2028991320207666,0.0620347436881459,0.29758448797604514,0.7024155120239549,0.24592610043430937,0.7540738995656906,0.12708609610879348,0.8729139038912064,0.7483148768619787,0.19230803741868993,0.05937708591933131,0.8456657438781345,0.15433425652186544,0.6775875785004354,0.3224124254995646,1,1,1,0,0,0
id09,2024-09-19,2024-09-18,0,1,1,0,1,1,0.5824961196638849,0.4175038803361151,0.1698445821414479,0.8301554178585521,0.142917369328855,0.857082630671145,0.4105871071610911,0.5894128928389089,0.3547087437230768,0.6452912562769232,0.4738509168818551,0.4023728536876774,0.1237762294304675,0.6072697336974965,0.3927302673025036,0.15941058492730312,0.8405894160726968,0.1313744137959695,0.8686255876040305,0.4759019951936696,0.39963124131890965,0.12446676248742075,0.406932248444982,0.593067753555018,0.33505529135076917,0.6649447106492309,0,1,1,0,1,1
id09,2024-09-20,2024-09-19,1,1,1,1,0,0,0.1685511826829167,0.8314488173170833,0.143446318823127,0.8565536811768729,0.0511007895469453,0.9488992104530548,0.8358177908582081,0.1641822091417919,0.6476996481343282,0.3523003518656718,0.2189058093921686,0.6261878555948,0.1549063350130314,0.16447629541462502,0.835523705585375,0.1345594935408143,0.8654405060591857,0.04657213006225077,0.9534278694077494,0.21517428145295175,0.6248067500353199,0.16001896751172826,0.8141436817723873,0.18585631522761273,0.6654722933208954,0.33452770667910464,1,1,1,1,0,0
id09,2024-09-21,2024-09-20,1,1,1,1,0,1,0.1455642502846518,0.8544357497153482,0.1291270976345662,0.8708729023654338,0.0808395639543581,0.919160436045642,0.5166828699555017,0.4833171300444983,0.4943033707539311,0.5056966292460688,0.1125476441191659,0.6766340554423734,0.2108183004384606,0.13815641325618663,0.8618435847438134,0.12132905647110959,0.8786709421288904,0.07402125255892228,0.9259787474410779,0.10707652670724932,0.6892123098981361,0.2037111563946145,0.5149564389599516,0.4850435610400485,0.495117223678538,0.504882778321462,1,1,1,1,0,1
id09,2024-09-22,2024-09-21,1,1,1,0,0,0,0.1080482081314736,0.8919517918685264,0.1306724632139371,0.8693275367860629,0.0892262012694945,0.9107737987305056,0.7659925689031649,0.234007431096835,0.7867532984525408,0.2132467015474591,0.5385839753455779,0.3301807149854761,0.131235309668946,0.10181989151832624,0.8981801086816738,0.1230831878925434,0.8769168131074566,0.08162551084254506,0.918374488857455,0.54380012781102,0.3289479634869285,0.12725190170205142,0.7843406420128485,0.2156593561871515,0.8033200036072867,0.1966799940927132,1,1,1,0,0,0
id10,2024-08-05,2024-08-04,1,1,1,1,1,1,0.2942308015894235,0.7057691984105765,0.1268064786753407,0.8731935213246592,0.1361956635459188,0.8638043364540812,0.0690188484906048,0.9309811515093952,0.1311257561084514,0.8688742438915485,0.2727855355441551,0.646470001144968,0.0807444633108767,0.28538897243048117,0.7146110285695189,0.11649164640780664,0.8835083531921933,0.12527019139132692,0.874729808808673,0.2749217619897396,0.6493857910304712,0.07569245317978904,0.06307824944154432,0.9369217503584557,0.12024870039760625,0.8797512995023937,1,1,1,1,1,1
id10,2024-08-06,2024-08-05,0,1,1,0,0,0,0.9125281990612136,0.0874718009387865,0.3812667557278442,0.6187332442721558,0.2350156206223955,0.7649843793776044,0.7618581750141014,0.2381418249858987,0.7277214493998587,0.2722785506001412,0.8263018928122232,0.1315654105097994,0.0421326966779774,0.9166861691550923,0.08331383244490785,0.38223127415505975,0.6177687258449402,0.22918492856015596,0.770815071439844,0.8302208235310009,0.13028342745881946,0.03949574411017966,0.7796045775126913,0.22039542248730884,0.7322067544598729,0.26779324554012707,0,1,1,0,0,0
id10,2024-08-07,2024-08-06,0,1,1,0,0,0,0.8217612023079849,0.1782387976920151,0.2528067368784406,0.7471932631215594,0.1709822285253146,0.8290177714746854,0.7506949588337625,0.2493050411662375,0.8381726566685691,0.1618273433314309,0.796668024870507,0.1638660473467091,0.0394659277827838,0.8289710680771865,0.1710289319228136,0.2627712611905965,0.7372287368094035,0.16415713467278314,0.8358428643272169,0.8068763963834563,0.15497197821203818,0.03815162980450542,0.7637334479503863,0.23626655204961375,0.8431327410017122,0.15686725699828782,0,1,1,0,0,0
id10,2024-08-08,2024-08-07,0,0,1,0,0,0,0.8196832965264194,0.1803167034735806,0.600034185004278,0.399965814995722,0.1660636901537804,0.8339363098462196,0.7847777644629101,0.2152222355370899,0.752668878960594,0.2473311210394059,0.6662683916742422,0.3014652390649242,0.0322663692608336,0.8245642668737775,0.17543572912622252,0.6207970865038501,0.3792029114961498,0.15374659053840234,0.8462534088615976,0.6837815425068181,0.2865041521584318,0.02971430963475024,0.8018267850166192,0.19817321428338094,0.7657103670645345,0.23428963133546532,0,0,1,0,0,0
id10,2024-08-11,2024-08-10,1,1,1,1,1,1,0.1106237946539211,0.8893762053460789,0.1189917231488323,0.8810082768511677,0.0949353322076018,0.905064667792398,0.0836167457346955,0.9163832542653044,0.1351413609657062,0.8648586390342937,0.3443154562453795,0.5381074693440173,0.117577074410603,0.10627084218852899,0.893729157811471,0.10858382328394907,0.891416179166051,0.08618652921684163,0.9138134710131582,0.3255864356208416,0.5617420264096156,0.1126715415695427,0.07650866416122595,0.923491338838774,0.12715430386913557,0.8728456951308643,1,1,1,1,1,1
id10,2024-08-14,2024-08-13,0,1,1,0,0,0,0.8696542953708777,0.1303457046291222,0.3905989072936722,0.6094010927063278,0.2623172080759793,0.7376827919240206,0.864802513128529,0.135197486871471,0.681477176808297,0.318522823191703,0.8766893163851774,0.0982863566315863,0.0250243269832361,0.8749501358337899,0.12504986376621,0.38647424656430496,0.613525753435695,0.2501495972683814,0.7498504027316186,0.8827121507466598,0.09425286636842767,0.02303498764491249,0.8738143418156761,0.1261856541843239,0.6903225991274673,0.3096774048725327,0,1,1,0,0,0
id10,2024-08-17,2024-08-16,1,1,1,0,0,0,0.4864160707163277,0.5135839292836722,0.1685971960336117,0.8314028039663882,0.1020357463103506,0.8979642536896494,0.8145235933649535,0.1854764066350465,0.6800664300269048,0.3199335699730951,0.6349917588686569,0.306598849964299,0.0584093911670441,0.4855269036446949,0.514473096355305,0.16273955843025054,0.8372604435697495,0.09474524137931555,0.9052547583206845,0.6379900329817911,0.3071265149678691,0.05488345415033969,0.8288940440284582,0.17110595557154185,0.6935772670242144,0.3064227309757856,1,1,1,0,0,0
id10,2024-08-18,2024-08-17,1,1,1,1,1,1,0.1381616028949035,0.8618383971050965,0.1295917428642609,0.8704082571357391,0.0885448135264022,0.9114551864735978,0.0850166346210948,0.9149833653789052,0.1760508972449604,0.8239491027550395,0.2325299348997496,0.5784986912603589,0.1889713738398915,0.13409378820541318,0.8659062113945869,0.11895931337783482,0.8810406864221653,0.08048381897376199,0.919516180826238,0.23169229040977465,0.583713392134323,0.18459431845590232,0.07856540075898531,0.9214345988410148,0.16060201752046435,0.8393979824795356,1,1,1,1,1,1
id10,2024-08-19,2024-08-18,1,1,1,1,1,1,0.1668833148607379,0.8331166851392621,0.1033137084728045,0.8966862915271955,0.0696451458022591,0.9303548541977408,0.1236758654203343,0.8763241345796656,0.1853487213839106,0.8146512786160893,0.1009882250367863,0.7800066682478701,0.1190051067153436,0.1565509127746641,0.8434490866253358,0.09453627242552405,0.9054637273744759,0.06378318602203319,0.9362168137779667,0.10491975253310766,0.7721265014230831,0.12295374804380925,0.11282061557830088,0.887179384121699,0.16990763424551952,0.8300923657544804,1,1,1,1,1,1
id10,2024-08-20,2024-08-19,0,1,1,0,0,0,0.505888791555039,0.4941112084449611,0.1842353190939163,0.8157646809060837,0.0581296874745437,0.9418703125254564,0.8810676274145296,0.1189323725854704,0.6451163845940331,0.3548836154059669,0.722875129083515,0.2322384511818127,0.0448864197346722,0.5111607063995351,0.488839290600465,0.17810132918452465,0.8218986728154754,0.053808134227089334,0.9461918652729109,0.7399581711751636,0.21809979106363142,0.041942035961204986,0.8903768846730767,0.10962311772692337,0.6554354091346297,0.3445645878653702,0,1,1,0,0,0
id10,2024-08-23,2024-08-22,1,1,1,0,0,0,0.4799249627537859,0.5200750372462141,0.2864814424638446,0.7135185575361553,0.0647725048416371,0.9352274951583628,0.8735177921659729,0.1264822078340271,0.8177126154471326,0.1822873845528674,0.6545640366281156,0.300578572413361,0.0448573909585235,0.4824113004784073,0.5175886995215927,0.27377570521746014,0.7262242947825399,0.059813360857473394,0.9401866396425265,0.674184222965304,0.2839945071720249,0.04182126576267115,0.8839973099493756,0.11600268865062441,0.8254595739024193,0.17454042909758063,1,1,1,0,0,0
id10,2024-09-16,2024-09-15,1,1,0,1,1,1,0.1547603849271502,0.8452396150728497,0.2822883066741983,0.7177116933258016,0.6688584001577927,0.3311415998422072,0.4411311692682119,0.5588688307317881,0.3586197794625888,0.6413802205374112,0.3434263623730091,0.3618661515831757,0.2947074860438151,0.1462193884344352,0.8537806135655648,0.2707533960067785,0.7292466039932215,0.6737306931420135,0.32626930685798644,0.3560301261357082,0.35738130942485813,0.2865885654394336,0.4365683223413907,0.5634316776586092,0.3738847915163299,0.6261152054836701,1,1,0,1,1,1
id10,2024-09-17,2024-09-16,1,1,0,0,0,0,0.2731335460213522,0.7268664539786478,0.4771903106042632,0.5228096893957368,0.5997311851322702,0.4002688148677297,0.6115106485906211,0.3884893514093789,0.5999416572160831,0.4000583427839169,0.4319424677902428,0.395943365789795,0.1721141664199621,0.264477786419217,0.7355222135807831,0.4694650195438369,0.5305349804561631,0.6143249566190432,0.3856750433809567,0.4548696310112185,0.3762874222108155,0.16884294677796588,0.633232163731559,0.366767833268441,0.5925166664944748,0.40748333350552524,1,1,0,0,0,0
id10,2024-09-18,2024-09-17,1,0,0,0,0,0,0.3617801046980515,0.6382198953019484,0.5608705460557346,0.4391294539442653,0.6467607865157081,0.3532392134842919,0.7314582067202717,0.2685417932797282,0.7087405041544379,0.2912594958455621,0.5404704663840798,0.232835772657267,0.2266937609586531,0.3526641522282464,0.6473358457717536,0.5798464214501612,0.42015357654983876,0.6575861478641374,0.34241385013586273,0.5691059597456718,0.2191896658915403,0.2117043762627878,0.7497204660482446,0.2502795333517554,0.7197361397389941,0.28026386026100586,1,0,0,0,0,0
id10,2024-09-19,2024-09-18,0,0,0,0,0,1,0.7620286420060307,0.2379713579939693,0.6808236462936048,0.3191763537063952,0.7473702319000947,0.2526297680999053,0.6847883943884756,0.3152116056115244,0.3635659663748112,0.6364340336251888,0.5929598036840416,0.2640523595371118,0.1429878367788465,0.7659156578054276,0.23408434319457236,0.7021822476642443,0.2978177523357557,0.7525234287100853,0.24747657128991477,0.6148230533156375,0.2518035965834006,0.13337335410096185,0.704024844949628,0.2959751530503719,0.3658177537373301,0.63418224626267,0,0,0,0,0,1
id10,2024-09-20,2024-09-19,0,0,0,0,0,1,0.8597768843306134,0.1402231156693866,0.8118319513758798,0.1881680486241202,0.6503145214005124,0.3496854785994877,0.629002298769543,0.370997701230457,0.3681267631903007,0.6318732368096993,0.7183507551765784,0.209814042608981,0.0718352022144404,0.8560453328975521,0.14395466610244798,0.8243825962382918,0.17561740076170818,0.6689758492604612,0.3310241537395389,0.7192486646589207,0.21141312334808293,0.06933821379299636,0.6582712228925887,0.3417287791074113,0.36555378387127063,0.6344462131287294,0,0,0,0,0,1
id10,2024-09-21,2024-09-20,1,0,0,0,0,0,0.4050104430874749,0.5949895569125251,0.5938932218518234,0.4061067781481767,0.5651701081014421,0.4348298918985579,0.7227853705660698,0.2772146294339301,0.7994917364125333,0.2005082635874666,0.5451350788464254,0.362899939564339,0.0919649815892355,0.41394106277872744,0.5860589372212726,0.6065882796666411,0.393411720333359,0.5678155232912979,0.43218447670870214,0.5526602609617829,0.35818055260790516,0.08915918143031194,0.7395464935094629,0.2604535094905371,0.7968251877712801,0.20317481022871992,1,0,0,0,0,0
id10,2024-09-22,2024-09-21,1,0,0,0,0,1,0.1344968644118879,0.8655031355881121,0.5267467644054985,0.4732532355945015,0.7533251178048199,0.2466748821951801,0.5990602156420157,0.4009397843579843,0.418746743317436,0.581253256682564,0.4682895682552588,0.3983572444011205,0.1333531873436206,0.12824522597069912,0.871754772029301,0.5059046879649487,0.49409531203505136,0.759684526024338,0.2403154759756621,0.46340718342973297,0.4064580799610085,0.13013473410925852,0.6103644000778141,0.38963559592218583,0.4241780639856924,0.5758219360143076,1,0,0,0,0,1
id10,2024-09-23,2024-09-22,1,0,0,1,1,1,0.2309209468813938,0.7690790531186061,0.660953895282623,0.3390461047173769,0.6306646410323034,0.3693353589676966,0.4760494536378893,0.5239505463621107,0.467910068529949,0.532089931470051,0.3340998241930882,0.5723218335644747,0.0935783422424371,0.2255074521932544,0.7744925478067455,0.6483334057543607,0.3516665972456392,0.617817980929073,0.3821820190709269,0.3407530437737794,0.5705053902080274,0.08874156901819338,0.48213396427410043,0.5178660317258996,0.45858118867695413,0.5414188083230459,1,0,0,1,1,1
id10,2024-09-25,2024-09-24,0,0,0,0,0,0,0.8211090679740096,0.1788909320259903,0.8429896623044659,0.157010337695534,0.8491610620405575,0.1508389379594425,0.8200008510167555,0.1799991489832445,0.727388121778412,0.272611878221588,0.7933909219381853,0.1684020091086638,0.038207068953151,0.8247728571766086,0.17522714282339127,0.8511441700740194,0.1488558309259806,0.8594161958365018,0.14058380386349825,0.8046114997443667,0.16008585719779742,0.0353026444578359,0.8343036059150799,0.16569639548492007,0.7387628596005708,0.2612371433994292,0,0,0,0,0,0
id10,2024-09-26,2024-09-25,0,0,0,0,0,0,0.816483038670644,0.183516961329356,0.7947640822189731,0.2052359177810269,0.6548962268509532,0.3451037731490468,0.684805731288032,0.315194268711968,0.7293692564048384,0.2706307435951616,0.6995350759707425,0.2647856648407536,0.0356792591885037,0.8277776288035796,0.1722223711964204,0.8079470399970758,0.19205296000292424,0.6791177841658579,0.32088221783414206,0.7227695483736682,0.24388530965667826,0.03334514006965333,0.7087531681592288,0.2912468304407712,0.7245505207643546,0.27544947923564544,0,0,0,0,0,0
id10,2024-09-27,2024-09-26,0,0,0,0,0,0,0.8021049547911391,0.1978950452088609,0.6864017374795157,0.3135982625204842,0.722748150364222,0.277251849635778,0.8425694281546734,0.1574305718453266,0.6793555728007913,0.3206444271992087,0.5517784369290838,0.4074409262085898,0.0407806368623263,0.8061114693120253,0.1938885286879748,0.7001718097315642,0.29982818826843577,0.7424976853277998,0.2575023146722002,0.5689510532361755,0.3919659035877308,0.03908304467609368,0.8522935303392061,0.14770646696079395,0.6959887185207121,0.30401128147928785,0,0,0,0,0,0
